-- MySQL dump 10.13  Distrib 8.0.28, for macos11 (arm64)
--
-- Host: localhost    Database: shard
-- ------------------------------------------------------
-- Server version	8.0.28

/*!40101 SET @OLD_CHARACTER_SET_CLIENT=@@CHARACTER_SET_CLIENT */;
/*!40101 SET @OLD_CHARACTER_SET_RESULTS=@@CHARACTER_SET_RESULTS */;
/*!40101 SET @OLD_COLLATION_CONNECTION=@@COLLATION_CONNECTION */;
/*!50503 SET NAMES utf8mb4 */;
/*!40103 SET @OLD_TIME_ZONE=@@TIME_ZONE */;
/*!40103 SET TIME_ZONE='+00:00' */;
/*!40014 SET @OLD_UNIQUE_CHECKS=@@UNIQUE_CHECKS, UNIQUE_CHECKS=0 */;
/*!40014 SET @OLD_FOREIGN_KEY_CHECKS=@@FOREIGN_KEY_CHECKS, FOREIGN_KEY_CHECKS=0 */;
/*!40101 SET @OLD_SQL_MODE=@@SQL_MODE, SQL_MODE='NO_AUTO_VALUE_ON_ZERO' */;
/*!40111 SET @OLD_SQL_NOTES=@@SQL_NOTES, SQL_NOTES=0 */;

--
-- Table structure for table `login_record`
--

DROP TABLE IF EXISTS `login_record`;
/*!40101 SET @saved_cs_client     = @@character_set_client */;
/*!50503 SET character_set_client = utf8mb4 */;
CREATE TABLE `login_record` (
  `id` int NOT NULL AUTO_INCREMENT,
  `created_time` datetime DEFAULT CURRENT_TIMESTAMP COMMENT '创建时间',
  `uid` int NOT NULL,
  PRIMARY KEY (`id`),
  KEY `uid` (`uid`)
) ENGINE=InnoDB AUTO_INCREMENT=20 DEFAULT CHARSET=utf8mb4 COLLATE=utf8mb4_0900_ai_ci;
/*!40101 SET character_set_client = @saved_cs_client */;

--
-- Dumping data for table `login_record`
--

LOCK TABLES `login_record` WRITE;
/*!40000 ALTER TABLE `login_record` DISABLE KEYS */;
INSERT INTO `login_record` VALUES (1,'2023-01-29 01:41:09',1),(2,'2023-01-31 16:38:10',1),(3,'2023-02-01 21:44:38',1),(4,'2023-02-02 04:07:44',1),(5,'2023-02-04 15:25:05',1),(6,'2023-02-05 08:21:02',1),(7,'2023-02-06 07:51:12',1),(8,'2023-01-29 20:06:20',2),(9,'2023-02-01 22:42:57',2),(10,'2023-02-02 11:58:00',2),(11,'2023-02-03 02:37:53',2),(12,'2023-02-05 20:20:40',2),(13,'2023-02-06 17:54:45',2),(14,'2023-02-07 01:14:39',2),(15,'2023-01-30 06:45:19',3),(16,'2023-01-31 06:45:11',3),(17,'2023-02-03 05:50:47',3),(18,'2023-02-05 10:13:04',3),(19,'2023-02-07 14:10:59',3);
/*!40000 ALTER TABLE `login_record` ENABLE KEYS */;
UNLOCK TABLES;

--
-- Table structure for table `shard_admin`
--

DROP TABLE IF EXISTS `shard_admin`;
/*!40101 SET @saved_cs_client     = @@character_set_client */;
/*!50503 SET character_set_client = utf8mb4 */;
CREATE TABLE `shard_admin` (
  `id` bigint NOT NULL AUTO_INCREMENT,
  `created_time` bigint DEFAULT NULL,
  `updated_time` bigint DEFAULT NULL,
  `is_deleted` tinyint(1) DEFAULT '0',
  `password` varchar(255) DEFAULT NULL,
  `avatar` varchar(255) DEFAULT NULL,
  `username` varchar(20) DEFAULT NULL,
  `last_login_time` bigint DEFAULT NULL,
  `role_id` bigint DEFAULT NULL,
  PRIMARY KEY (`id`),
  KEY `idx_shard_admin_role_id` (`role_id`)
) ENGINE=InnoDB AUTO_INCREMENT=16 DEFAULT CHARSET=utf8mb4 COLLATE=utf8mb4_0900_ai_ci;
/*!40101 SET character_set_client = @saved_cs_client */;

--
-- Dumping data for table `shard_admin`
--

LOCK TABLES `shard_admin` WRITE;
/*!40000 ALTER TABLE `shard_admin` DISABLE KEYS */;
INSERT INTO `shard_admin` VALUES (1,1630981091,1703236449,0,'$2a$10$tMmQf5eholT2v4ikklVuVOq0PCOmObtD2w8chYXAbi4T7KeQOyyFe','4b3d07b1d0dbcff0edb875c2b7f5008b41eebc5057bd6515f071cd3b76f7d904.jpeg','admin',1703236449,1),(2,1631276335,1679034949,0,'$2a$10$tMmQf5eholT2v4ikklVuVOq0PCOmObtD2w8chYXAbi4T7KeQOyyFe','','admin2',1679034949,2);
/*!40000 ALTER TABLE `shard_admin` ENABLE KEYS */;
UNLOCK TABLES;

--
-- Table structure for table `shard_chat_message`
--

DROP TABLE IF EXISTS `shard_chat_message`;
/*!40101 SET @saved_cs_client     = @@character_set_client */;
/*!50503 SET character_set_client = utf8mb4 */;
CREATE TABLE `shard_chat_message` (
  `id` bigint NOT NULL AUTO_INCREMENT,
  `created_time` bigint DEFAULT '0',
  `updated_time` bigint DEFAULT '0',
  `is_deleted` tinyint(1) DEFAULT '0',
  `owner_id` bigint DEFAULT '0',
  `sender_id` bigint DEFAULT '0',
  `receiver_id` bigint DEFAULT '0',
  `is_group` tinyint(1) DEFAULT '0',
  `is_success` tinyint(1) DEFAULT '0',
  `msg` varchar(500) DEFAULT '',
  `msg_type` int DEFAULT '0',
  `file_id` bigint DEFAULT '0',
  PRIMARY KEY (`id`),
  KEY `owner_id` (`owner_id`)
) ENGINE=InnoDB AUTO_INCREMENT=34 DEFAULT CHARSET=utf8mb4 COLLATE=utf8mb4_0900_ai_ci;
/*!40101 SET character_set_client = @saved_cs_client */;

--
-- Dumping data for table `shard_chat_message`
--

LOCK TABLES `shard_chat_message` WRITE;
/*!40000 ALTER TABLE `shard_chat_message` DISABLE KEYS */;
INSERT INTO `shard_chat_message` VALUES (1,1702459364,1702456718,0,3436057955,3436057955,670280021,0,1,'heelo',0,0),(2,1702459364,1702456831,0,3436057955,3436057955,670280021,0,1,'2023年12月13日16:40:28',0,0),(3,1702459364,1702456880,0,3436057955,3436057955,670280021,0,1,'2023年12月13日16:41:18',0,0),(4,1702459364,1702456891,0,3436057955,3436057955,670280021,0,1,'2023年12月13日16:41:28',0,0),(5,1702459364,1702459365,0,3436057955,670280021,3436057955,0,1,'咋了',0,0),(6,1702459364,1702459660,0,3436057955,670280021,3436057955,0,1,'咋了',0,0),(7,1702536031,1702536032,0,3436057955,670280021,3436057955,0,1,'?',0,0),(8,1702536036,1702536036,0,3436057955,670280021,3436057955,0,1,'[吃瓜]',0,0),(9,1702536031,1702536183,0,3436057955,670280021,3436057955,0,1,'?',0,0),(10,1702536036,1702536183,0,3436057955,670280021,3436057955,0,1,'[吃瓜]',0,0),(11,1702536036,1702536234,0,3436057955,670280021,3436057955,0,1,'[吃瓜]',0,0),(12,1702536031,1702536234,0,3436057955,670280021,3436057955,0,1,'?',0,0),(13,1702536031,1702536433,0,3436057955,670280021,3436057955,0,1,'?',0,0),(14,1702536036,1702536433,0,3436057955,670280021,3436057955,0,1,'[吃瓜]',0,0),(15,1702540014,1702540014,0,3436057955,3436057955,670280021,0,1,'gg',0,0),(16,1702540262,1702540263,0,3436057955,3436057955,670280021,0,1,'?',0,0),(17,1702540366,1702540366,0,3436057955,3436057955,670280021,0,1,'!',0,0),(18,1702540441,1702540442,0,3436057955,3436057955,670280021,0,1,'????',0,0),(19,1702540486,1702540486,0,3436057955,3436057955,670280021,0,1,'1111',0,0),(20,1702540519,1702540519,0,3436057955,3436057955,670280021,0,1,'111',0,0),(21,1702540532,1702540532,0,3436057955,3436057955,670280021,0,1,'确保消息已经发出了',0,0),(22,1702540866,1702540867,0,3436057955,3436057955,670280021,0,1,'测试欢动',0,0),(23,1702540872,1702540872,0,3436057955,3436057955,670280021,0,1,'欢',0,0),(24,1702540915,1702540916,0,3436057955,3436057955,670280021,0,1,'测试',0,0),(25,1702541010,1702541010,0,3436057955,3436057955,670280021,0,1,'11111',0,0),(26,1702541052,1702541052,0,3436057955,3436057955,670280021,0,1,'1111',0,0),(27,1702541055,1702541055,0,3436057955,3436057955,670280021,0,1,'11111',0,0),(28,1702541066,1702541067,0,3436057955,3436057955,670280021,0,1,'1111',0,0),(29,1702541076,1702541077,0,3436057955,3436057955,670280021,0,1,'1111',0,0),(30,1702541139,1702541140,0,3436057955,3436057955,670280021,0,1,'jjjjj',0,0),(31,1702542300,1702542301,0,3436057955,3436057955,670280021,0,1,'测试',0,0),(32,1702542347,1702542347,0,3436057955,670280021,3436057955,0,1,'可以',0,0),(33,1702542360,1702542361,0,3436057955,670280021,3436057955,0,1,'如何显示表情',0,0);
/*!40000 ALTER TABLE `shard_chat_message` ENABLE KEYS */;
UNLOCK TABLES;

--
-- Table structure for table `shard_file`
--

DROP TABLE IF EXISTS `shard_file`;
/*!40101 SET @saved_cs_client     = @@character_set_client */;
/*!50503 SET character_set_client = utf8mb4 */;
CREATE TABLE `shard_file` (
  `id` bigint NOT NULL AUTO_INCREMENT,
  `created_time` bigint DEFAULT NULL,
  `updated_time` bigint DEFAULT NULL,
  `is_deleted` tinyint(1) DEFAULT '0',
  `name` longtext,
  `hash` longtext,
  `path` longtext,
  PRIMARY KEY (`id`)
) ENGINE=InnoDB AUTO_INCREMENT=33 DEFAULT CHARSET=utf8mb4 COLLATE=utf8mb4_0900_ai_ci;
/*!40101 SET character_set_client = @saved_cs_client */;

--
-- Dumping data for table `shard_file`
--

LOCK TABLES `shard_file` WRITE;
/*!40000 ALTER TABLE `shard_file` DISABLE KEYS */;
INSERT INTO `shard_file` VALUES (20,1647004958,1647004958,0,NULL,'87d9bb400c0634691f0e3baaf1e2fd0d','./files'),(21,1648019306,1648019306,0,NULL,'da929f31c7170594e4da6837842bb7ed.py','./files'),(22,1648020635,1648020635,0,NULL,'d72a8d07e77cb7b8fd635f210adbbc85','./files'),(23,1648020721,1648020721,0,NULL,'876a969e6106e584528a701bf66b95ae','./files'),(24,1648085943,1648085943,0,NULL,'046b00af4e7a53cffa6b6d3af1e2a5b5.py','./files'),(25,1648086304,1648086304,0,NULL,'43bcf5a9049f5321127a039ef1ceab87.py','./files'),(26,1648212468,1648212468,0,NULL,'d040176d58101aa7d96dff8b0ae067ed.py','./files'),(27,1648212477,1648212477,0,NULL,'1e965e5aa57b34eb5b39a29ff489546b.py','./files'),(28,1648213801,1648213801,0,NULL,'e8aae68c4a312eb2905c8789c72b3b78.py','./files'),(29,1654072032,1654072032,0,NULL,'5e787367c6f864b59003955940c700e3.py','./files'),(30,1654072063,1654072063,0,NULL,'4f1baa28c1ff0b23ca93388fc8d19a52.py','./files'),(31,1654072402,1654072402,0,NULL,'d3ed5f13dc75597b51db8e22bdd5eb24.py','./files'),(32,1655089429,1655089429,0,NULL,'153075fc3d2f3a2620d3441f80664f7b.py','./files');
/*!40000 ALTER TABLE `shard_file` ENABLE KEYS */;
UNLOCK TABLES;

--
-- Table structure for table `shard_file_record`
--

DROP TABLE IF EXISTS `shard_file_record`;
/*!40101 SET @saved_cs_client     = @@character_set_client */;
/*!50503 SET character_set_client = utf8mb4 */;
CREATE TABLE `shard_file_record` (
  `id` bigint NOT NULL AUTO_INCREMENT,
  `created_time` bigint DEFAULT NULL,
  `updated_time` bigint DEFAULT NULL,
  `is_deleted` tinyint(1) DEFAULT '0',
  `uid` bigint DEFAULT NULL,
  `file_id` bigint DEFAULT NULL,
  `name` longtext,
  `file_type` tinyint unsigned DEFAULT '0',
  PRIMARY KEY (`id`)
) ENGINE=InnoDB AUTO_INCREMENT=21 DEFAULT CHARSET=utf8mb4 COLLATE=utf8mb4_0900_ai_ci;
/*!40101 SET character_set_client = @saved_cs_client */;

--
-- Dumping data for table `shard_file_record`
--

LOCK TABLES `shard_file_record` WRITE;
/*!40000 ALTER TABLE `shard_file_record` DISABLE KEYS */;
INSERT INTO `shard_file_record` VALUES (4,1647004958,1647004963,0,2,20,'run_script.txt',0),(5,1647004975,1648020861,0,1,22,'hello',0),(6,1647005375,1647005375,0,1,20,'run_script.txt',0),(7,1647005376,1647005376,0,1,20,'run_script.txt',0),(8,1647005377,1647005377,0,1,20,'run_script.txt',0),(9,1647005377,1647005377,0,1,20,'run_script.txt',0),(10,1647005378,1647005378,0,1,20,'run_script.txt',0),(12,1648020635,1648020635,0,1,22,'test',0),(13,1648020721,1648020721,0,1,23,'run_script.txt',0),(14,1648212468,1648213801,0,1,28,'test_py',1),(16,1654072032,1654072402,0,1,31,'run',1),(20,1655089429,1655089429,0,1,32,'time',1);
/*!40000 ALTER TABLE `shard_file_record` ENABLE KEYS */;
UNLOCK TABLES;

--
-- Table structure for table `shard_host`
--

DROP TABLE IF EXISTS `shard_host`;
/*!40101 SET @saved_cs_client     = @@character_set_client */;
/*!50503 SET character_set_client = utf8mb4 */;
CREATE TABLE `shard_host` (
  `id` bigint NOT NULL AUTO_INCREMENT,
  `created_time` bigint DEFAULT NULL,
  `updated_time` bigint DEFAULT NULL,
  `is_deleted` tinyint(1) DEFAULT '0',
  `name` longtext,
  `ip` longtext,
  `connect_type` bigint DEFAULT NULL,
  `port` bigint DEFAULT NULL,
  `status` bigint DEFAULT NULL,
  `comment` longtext,
  `host` longtext,
  `password` longtext,
  `username` longtext,
  `method` longtext,
  PRIMARY KEY (`id`)
) ENGINE=InnoDB AUTO_INCREMENT=16 DEFAULT CHARSET=utf8mb4 COLLATE=utf8mb4_0900_ai_ci;
/*!40101 SET character_set_client = @saved_cs_client */;

--
-- Dumping data for table `shard_host`
--

LOCK TABLES `shard_host` WRITE;
/*!40000 ALTER TABLE `shard_host` DISABLE KEYS */;
INSERT INTO `shard_host` VALUES (1,1654156682,1655357910,0,'zsw','',2,22,1,'','47.107.84.17','zsw1995??,.','root',NULL),(2,1654157706,1668761625,0,'我的',NULL,2,22,1,'','127.0.0.1','zsw1995','zsw',NULL),(3,1654866738,1654917780,0,'家',NULL,2,22,1,'','192.168.0.105','zsw1995','zsw',NULL),(13,1655282723,1655282723,0,'百度',NULL,1,443,0,'','https://www.baidu.com','','',''),(14,1655282888,1699497047,0,'本机',NULL,0,8770,0,'','http://127.0.0.1','','',''),(15,1678158692,1678158695,0,'test0001',NULL,2,22,1,'','127.0.0.1','zsw19951002','zsw','');
/*!40000 ALTER TABLE `shard_host` ENABLE KEYS */;
UNLOCK TABLES;

--
-- Table structure for table `shard_live_room`
--

DROP TABLE IF EXISTS `shard_live_room`;
/*!40101 SET @saved_cs_client     = @@character_set_client */;
/*!50503 SET character_set_client = utf8mb4 */;
CREATE TABLE `shard_live_room` (
  `id` bigint NOT NULL AUTO_INCREMENT COMMENT 'id',
  `created_time` bigint DEFAULT (unix_timestamp()) COMMENT '创建时间',
  `updated_time` bigint DEFAULT (unix_timestamp()) COMMENT '更新时间',
  `is_deleted` tinyint(1) DEFAULT '0',
  `name` varchar(255) DEFAULT '' COMMENT '直播间名称',
  `status` int DEFAULT '-1' COMMENT '直播状态 -1 直播结束  0 待直播 1 正在直播',
  `owner_id` bigint DEFAULT '0' COMMENT '创建者',
  `start_time` bigint DEFAULT '0' COMMENT '开始时间',
  `end_time` bigint DEFAULT '0' COMMENT '结束时间',
  PRIMARY KEY (`id`),
  KEY `owner_id` (`owner_id`)
) ENGINE=InnoDB AUTO_INCREMENT=10001 DEFAULT CHARSET=utf8mb4 COLLATE=utf8mb4_0900_ai_ci;
/*!40101 SET character_set_client = @saved_cs_client */;

--
-- Dumping data for table `shard_live_room`
--

LOCK TABLES `shard_live_room` WRITE;
/*!40000 ALTER TABLE `shard_live_room` DISABLE KEYS */;
INSERT INTO `shard_live_room` VALUES (10000,1664262934,1664262934,0,'由单各类形道',0,1,0,0);
/*!40000 ALTER TABLE `shard_live_room` ENABLE KEYS */;
UNLOCK TABLES;

--
-- Table structure for table `shard_meeting`
--

DROP TABLE IF EXISTS `shard_meeting`;
/*!40101 SET @saved_cs_client     = @@character_set_client */;
/*!50503 SET character_set_client = utf8mb4 */;
CREATE TABLE `shard_meeting` (
  `id` bigint NOT NULL AUTO_INCREMENT,
  `created_time` bigint DEFAULT '0',
  `updated_time` bigint DEFAULT '0',
  `is_deleted` tinyint(1) DEFAULT '0',
  `uid` bigint DEFAULT '0',
  `name` varchar(255) DEFAULT '',
  `status` tinyint(1) DEFAULT '0',
  `start_time` bigint DEFAULT '0',
  `end_time` bigint DEFAULT '0',
  PRIMARY KEY (`id`),
  KEY `uid` (`uid`)
) ENGINE=InnoDB AUTO_INCREMENT=3 DEFAULT CHARSET=utf8mb4 COLLATE=utf8mb4_0900_ai_ci;
/*!40101 SET character_set_client = @saved_cs_client */;

--
-- Dumping data for table `shard_meeting`
--

LOCK TABLES `shard_meeting` WRITE;
/*!40000 ALTER TABLE `shard_meeting` DISABLE KEYS */;
INSERT INTO `shard_meeting` VALUES (2,1703237037,1703237037,0,1,'111',0,0,0);
/*!40000 ALTER TABLE `shard_meeting` ENABLE KEYS */;
UNLOCK TABLES;

--
-- Table structure for table `shard_operate_log`
--

DROP TABLE IF EXISTS `shard_operate_log`;
/*!40101 SET @saved_cs_client     = @@character_set_client */;
/*!50503 SET character_set_client = utf8mb4 */;
CREATE TABLE `shard_operate_log` (
  `id` bigint NOT NULL AUTO_INCREMENT,
  `created_time` bigint DEFAULT NULL,
  `updated_time` bigint DEFAULT NULL,
  `is_deleted` tinyint(1) DEFAULT '0',
  `operate_id` bigint DEFAULT NULL,
  `module` longtext,
  `log` longtext,
  `type` tinyint unsigned DEFAULT NULL,
  PRIMARY KEY (`id`)
) ENGINE=InnoDB AUTO_INCREMENT=754 DEFAULT CHARSET=utf8mb4 COLLATE=utf8mb4_0900_ai_ci;
/*!40101 SET character_set_client = @saved_cs_client */;

--
-- Dumping data for table `shard_operate_log`
--

LOCK TABLES `shard_operate_log` WRITE;
/*!40000 ALTER TABLE `shard_operate_log` DISABLE KEYS */;
INSERT INTO `shard_operate_log` VALUES (457,1690250575,1690250575,0,1,'user','cat list',3),(458,1690250591,1690250591,0,1,'route','cat list',3),(459,1690250591,1690250591,0,1,'permission','cat list',3),(460,1690250605,1690250605,0,1,'permission','id:76 name:微信机器人',0),(461,1690250605,1690250605,0,1,'permission','cat list',3),(462,1690250617,1690250617,0,1,'route','cat list',3),(463,1690250617,1690250617,0,1,'permission','cat list',3),(464,1690250631,1690250631,0,1,'permission','id:77 name:微信机器人',0),(465,1690250631,1690250631,0,1,'permission','cat list',3),(466,1690250637,1690250637,0,1,'permission','id:76 name:微信管理',2),(467,1690250637,1690250637,0,1,'permission','cat list',3),(468,1690250638,1690250638,0,1,'route','cat list',3),(469,1690250638,1690250638,0,1,'permission','cat list',3),(470,1690250646,1690250646,0,1,'role','cat list',3),(471,1690250649,1690250649,0,1,'role/permission','1',3),(472,1690250654,1690250654,0,1,'role/permission','1:超级管理员',2),(473,1690250658,1690250658,0,1,'route','cat list',3),(474,1690250658,1690250658,0,1,'permission','cat list',3),(475,1690250719,1690250719,0,1,'route','cat list',3),(476,1690250719,1690250719,0,1,'permission','cat list',3),(477,1690250745,1690250745,0,1,'route','cat list',3),(478,1690250745,1690250745,0,1,'permission','cat list',3),(479,1690250749,1690250749,0,1,'role','cat list',3),(480,1690250750,1690250750,0,1,'role/permission','1',3),(481,1690250755,1690250755,0,1,'admin','login',3),(482,1690250755,1690250755,0,1,'user','cat list',3),(483,1690250760,1690250760,0,1,'user','cat list',3),(484,1690250770,1690250770,0,1,'route','cat list',3),(485,1690250770,1690250770,0,1,'permission','cat list',3),(486,1690250784,1690250784,0,1,'route','cat list',3),(487,1690250784,1690250784,0,1,'permission','cat list',3),(488,1690250786,1690250786,0,1,'route','cat list',3),(489,1690250787,1690250787,0,1,'permission','cat list',3),(490,1690250791,1690250791,0,1,'user','cat list',3),(491,1690250794,1690250794,0,1,'admin','login',3),(492,1690250794,1690250794,0,1,'user','cat list',3),(493,1690254790,1690254790,0,1,'admin','login',3),(494,1690257016,1690257016,0,1,'admin','login',3),(495,1690257022,1690257022,0,1,'admin','login',3),(496,1690257055,1690257055,0,1,'admin','login',3),(497,1690257076,1690257076,0,1,'user','cat list',3),(498,1690257558,1690257558,0,1,'admin','login',3),(499,1690257558,1690257558,0,1,'user','cat list',3),(500,1690265230,1690265230,0,1,'admin','login',3),(501,1690265306,1690265306,0,1,'admin','login',3),(502,1690265306,1690265306,0,1,'user','cat list',3),(503,1690266074,1690266074,0,1,'admin','login',3),(504,1690270308,1690270308,0,1,'admin','login',3),(505,1690270308,1690270308,0,1,'user','cat list',3),(506,1690270722,1690270722,0,1,'admin','login',3),(507,1690270722,1690270722,0,1,'user','cat list',3),(508,1690270872,1690270872,0,1,'user','cat list',3),(509,1690272757,1690272757,0,1,'admin','login',3),(510,1690272757,1690272757,0,1,'user','cat list',3),(511,1690274000,1690274000,0,1,'admin','login',3),(512,1690274001,1690274001,0,1,'user','cat list',3),(513,1690277668,1690277668,0,1,'admin','login',3),(514,1690277668,1690277668,0,1,'user','cat list',3),(515,1690335086,1690335086,0,1,'admin','login',3),(516,1690335087,1690335087,0,1,'user','cat list',3),(517,1690337323,1690337323,0,1,'admin','login',3),(518,1690337323,1690337323,0,1,'user','cat list',3),(519,1690337507,1690337507,0,1,'admin','login',3),(520,1690337507,1690337507,0,1,'user','cat list',3),(521,1690340105,1690340105,0,1,'admin','login',3),(522,1690340106,1690340106,0,1,'user','cat list',3),(523,1690340155,1690340155,0,1,'user','cat list',3),(524,1690340236,1690340236,0,1,'user','cat list',3),(525,1690340391,1690340391,0,1,'admin','login',3),(526,1690340391,1690340391,0,1,'user','cat list',3),(527,1690351843,1690351843,0,1,'admin','login',3),(528,1690351843,1690351843,0,1,'user','cat list',3),(529,1690351962,1690351962,0,1,'route','cat list',3),(530,1690351962,1690351962,0,1,'permission','cat list',3),(531,1690351963,1690351963,0,1,'route','cat list',3),(532,1690351963,1690351963,0,1,'permission','cat list',3),(533,1690351964,1690351964,0,1,'route','cat list',3),(534,1690351964,1690351964,0,1,'permission','cat list',3),(535,1690351965,1690351965,0,1,'route','cat list',3),(536,1690351965,1690351965,0,1,'permission','cat list',3),(537,1690351966,1690351966,0,1,'route','cat list',3),(538,1690351966,1690351966,0,1,'permission','cat list',3),(539,1690351967,1690351967,0,1,'route','cat list',3),(540,1690351967,1690351967,0,1,'permission','cat list',3),(541,1690351967,1690351967,0,1,'route','cat list',3),(542,1690351967,1690351967,0,1,'permission','cat list',3),(543,1690351968,1690351968,0,1,'route','cat list',3),(544,1690351968,1690351968,0,1,'permission','cat list',3),(545,1690351968,1690351968,0,1,'route','cat list',3),(546,1690351969,1690351969,0,1,'permission','cat list',3),(547,1690351969,1690351969,0,1,'route','cat list',3),(548,1690351969,1690351969,0,1,'permission','cat list',3),(549,1690351970,1690351970,0,1,'route','cat list',3),(550,1690351970,1690351970,0,1,'permission','cat list',3),(551,1690351971,1690351971,0,1,'route','cat list',3),(552,1690351971,1690351971,0,1,'permission','cat list',3),(553,1690351971,1690351971,0,1,'route','cat list',3),(554,1690351971,1690351971,0,1,'permission','cat list',3),(555,1690351972,1690351972,0,1,'route','cat list',3),(556,1690351972,1690351972,0,1,'permission','cat list',3),(557,1690351973,1690351973,0,1,'route','cat list',3),(558,1690351973,1690351973,0,1,'permission','cat list',3),(559,1690351974,1690351974,0,1,'route','cat list',3),(560,1690351974,1690351974,0,1,'permission','cat list',3),(561,1690352201,1690352201,0,1,'route','cat list',3),(562,1690352201,1690352201,0,1,'permission','cat list',3),(563,1690352202,1690352202,0,1,'route','cat list',3),(564,1690352202,1690352202,0,1,'permission','cat list',3),(565,1690352204,1690352204,0,1,'admin','login',3),(566,1690352204,1690352204,0,1,'user','cat list',3),(567,1690352208,1690352208,0,1,'admin','login',3),(568,1690352208,1690352208,0,1,'user','cat list',3),(569,1690352213,1690352213,0,1,'admin','login',3),(570,1690352213,1690352213,0,1,'user','cat list',3),(571,1690352253,1690352253,0,1,'user','cat list',3),(572,1690352260,1690352260,0,1,'admin','login',3),(573,1690352260,1690352260,0,1,'user','cat list',3),(574,1690352305,1690352305,0,1,'user','cat list',3),(575,1690352307,1690352307,0,1,'admin','login',3),(576,1690352307,1690352307,0,1,'user','cat list',3),(577,1690352311,1690352311,0,1,'admin','login',3),(578,1690352311,1690352311,0,1,'user','cat list',3),(579,1690352412,1690352412,0,1,'admin','login',3),(580,1690352412,1690352412,0,1,'user','cat list',3),(581,1690352439,1690352439,0,1,'admin','login',3),(582,1690352439,1690352439,0,1,'user','cat list',3),(583,1690355526,1690355526,0,1,'admin','login',3),(584,1690355526,1690355526,0,1,'user','cat list',3),(585,1690358741,1690358741,0,1,'file','cat list',3),(586,1690360107,1690360107,0,1,'admin','login',3),(587,1690360107,1690360107,0,1,'user','cat list',3),(588,1690423540,1690423540,0,1,'admin','login',3),(589,1690423541,1690423541,0,1,'user','cat list',3),(590,1690423660,1690423660,0,1,'user','cat list',3),(591,1690426711,1690426711,0,1,'route','cat list',3),(592,1690426711,1690426711,0,1,'permission','cat list',3),(593,1690426725,1690426725,0,1,'permission','id:78 name:回复规则',0),(594,1690426725,1690426725,0,1,'permission','cat list',3),(595,1690426783,1690426783,0,1,'route','cat list',3),(596,1690426783,1690426783,0,1,'permission','cat list',3),(597,1690426785,1690426785,0,1,'route','cat list',3),(598,1690426785,1690426785,0,1,'permission','cat list',3),(599,1690426791,1690426791,0,1,'admin','cat list',3),(600,1690426793,1690426793,0,1,'role/permission','1',3),(601,1690426798,1690426798,0,1,'role/permission','1:超级管理员',2),(602,1690426802,1690426802,0,1,'admin','login',3),(603,1690426802,1690426802,0,1,'user','cat list',3),(604,1690438535,1690438535,0,1,'admin','login',3),(605,1690438535,1690438535,0,1,'user','cat list',3),(606,1690446751,1690446751,0,1,'admin','login',3),(607,1690446752,1690446752,0,1,'user','cat list',3),(608,1690446759,1690446759,0,1,'user','cat list',3),(609,1690446949,1690446949,0,1,'route','cat list',3),(610,1690446951,1690446951,0,1,'route','cat list',3),(611,1690446951,1690446951,0,1,'permission','cat list',3),(612,1690446954,1690446954,0,1,'permission','cat list',3),(613,1690446955,1690446955,0,1,'route','cat list',3),(614,1690446956,1690446956,0,1,'permission','cat list',3),(615,1690450355,1690450355,0,1,'admin','login',3),(616,1690450355,1690450355,0,1,'user','cat list',3),(617,1690510721,1690510721,0,1,'admin','login',3),(618,1690510722,1690510722,0,1,'user','cat list',3),(619,1690524210,1690524210,0,1,'admin','login',3),(620,1690524210,1690524210,0,1,'user','cat list',3),(621,1690528034,1690528034,0,1,'admin','login',3),(622,1690528034,1690528034,0,1,'user','cat list',3),(623,1696044511,1696044511,0,1,'admin','login',3),(624,1696044511,1696044511,0,1,'user','cat list',3),(625,1699492869,1699492869,0,1,'admin','login',3),(626,1699492870,1699492870,0,1,'user','cat list',3),(627,1699493880,1699493880,0,1,'user','cat list',3),(628,1699496978,1699496978,0,1,'admin','login',3),(629,1699496978,1699496978,0,1,'user','cat list',3),(630,1699496980,1699496980,0,1,'admin','cat list',3),(631,1699496980,1699496980,0,1,'role','cat list',3),(632,1699496983,1699496983,0,1,'host','cat list',3),(633,1699496984,1699496984,0,1,'file','cat list',3),(634,1699496988,1699496988,0,1,'file','run id:20 name:time,file_type:1 ,result;1699496988\n ',0),(635,1699496992,1699496992,0,1,'file','run id:16 name:run,file_type:1 ,result;123456789\n123456789\n123456789\n123456789\n123456789\n123456789\n123456789\n123456789\n123456789\n123456789\n ',0),(636,1699496995,1699496995,0,1,'file','cat id:16 name:run file_type1',3),(637,1699497002,1699497002,0,1,'host','cat list',3),(638,1699497030,1699497030,0,1,'host','cat list',3),(639,1699497041,1699497041,0,1,'host','cat list',3),(640,1699497047,1699497047,0,1,'host','id:14;diff:connect_type:0->0  ',2),(641,1699497047,1699497047,0,1,'host','cat list',3),(642,1699497078,1699497078,0,1,'host','room(677a7ae37e76edeca394beb50897298580124eab847ae3c9cabdd6a4ad6f9750) id:15 name:test0001 connect_type:2',0),(643,1699497079,1699497079,0,1,'host','terminal (677a7ae37e76edeca394beb50897298580124eab847ae3c9cabdd6a4ad6f9750) id:15 name:test0001',0),(644,1699497084,1699497084,0,1,'host','terminal (677a7ae37e76edeca394beb50897298580124eab847ae3c9cabdd6a4ad6f9750) id:15 name:test0001',0),(645,1702000862,1702000862,0,1,'admin','login',3),(646,1702000862,1702000862,0,1,'user','cat list',3),(647,1702004557,1702004557,0,1,'admin','login',3),(648,1702004557,1702004557,0,1,'user','cat list',3),(649,1702016675,1702016675,0,1,'admin','login',3),(650,1702016675,1702016675,0,1,'user','cat list',3),(651,1702017043,1702017043,0,1,'user','cat list',3),(652,1702018260,1702018260,0,1,'user','cat list',3),(653,1702022647,1702022647,0,1,'admin','login',3),(654,1702022647,1702022647,0,1,'user','cat list',3),(655,1702023647,1702023647,0,1,'user','cat list',3),(656,1702026490,1702026490,0,1,'admin','login',3),(657,1702026490,1702026490,0,1,'user','cat list',3),(658,1702259644,1702259644,0,1,'admin','login',3),(659,1702259645,1702259645,0,1,'user','cat list',3),(660,1702263050,1702263050,0,1,'user','cat list',3),(661,1702263085,1702263085,0,1,'user','cat list',3),(662,1702263207,1702263207,0,1,'user','cat list',3),(663,1702277241,1702277241,0,1,'admin','login',3),(664,1702277241,1702277241,0,1,'user','cat list',3),(665,1702277263,1702277263,0,1,'user','cat list',3),(666,1702277282,1702277282,0,1,'user','cat list',3),(667,1702277526,1702277526,0,1,'user','cat list',3),(668,1702278013,1702278013,0,1,'user','cat list',3),(669,1702278071,1702278071,0,1,'user','cat list',3),(670,1702278084,1702278084,0,1,'user','cat list',3),(671,1702278161,1702278161,0,1,'user','cat list',3),(672,1702361998,1702361998,0,1,'admin','login',3),(673,1702361998,1702361998,0,1,'user','cat list',3),(674,1702365635,1702365635,0,1,'admin','login',3),(675,1702365635,1702365635,0,1,'user','cat list',3),(676,1702373632,1702373632,0,1,'admin','login',3),(677,1702373632,1702373632,0,1,'user','cat list',3),(678,1702429281,1702429281,0,1,'admin','login',3),(679,1702429281,1702429281,0,1,'user','cat list',3),(680,1702432906,1702432906,0,1,'admin','login',3),(681,1702432906,1702432906,0,1,'user','cat list',3),(682,1702436516,1702436516,0,1,'admin','login',3),(683,1702436516,1702436516,0,1,'user','cat list',3),(684,1702443713,1702443713,0,1,'admin','login',3),(685,1702443713,1702443713,0,1,'user','cat list',3),(686,1702449043,1702449043,0,1,'admin','login',3),(687,1702449043,1702449043,0,1,'user','cat list',3),(688,1702453299,1702453299,0,1,'admin','login',3),(689,1702453299,1702453299,0,1,'user','cat list',3),(690,1702453300,1702453300,0,1,'admin','cat list',3),(691,1702457346,1702457346,0,1,'admin','login',3),(692,1702457347,1702457347,0,1,'user','cat list',3),(693,1702460925,1702460925,0,1,'user','cat list',3),(694,1702461029,1702461029,0,1,'admin','login',3),(695,1702461029,1702461029,0,1,'user','cat list',3),(696,1702518133,1702518133,0,1,'admin','login',3),(697,1702518133,1702518133,0,1,'user','cat list',3),(698,1702518156,1702518156,0,1,'user','cat list',3),(699,1702535882,1702535882,0,1,'admin','login',3),(700,1702535882,1702535882,0,1,'user','cat list',3),(701,1702539488,1702539488,0,1,'admin','login',3),(702,1702539488,1702539488,0,1,'user','cat list',3),(703,1702621823,1702621823,0,1,'admin','login',3),(704,1702621823,1702621823,0,1,'user','cat list',3),(705,1702621975,1702621975,0,1,'route','cat list',3),(706,1702621975,1702621975,0,1,'permission','cat list',3),(707,1702621986,1702621986,0,1,'permission','id:77 name:微信聊天室',2),(708,1702621986,1702621986,0,1,'permission','cat list',3),(709,1702621989,1702621989,0,1,'route','cat list',3),(710,1702621989,1702621989,0,1,'permission','cat list',3),(711,1702621993,1702621993,0,1,'admin','login',3),(712,1702621993,1702621993,0,1,'user','cat list',3),(713,1702865718,1702865718,0,1,'admin','login',3),(714,1702865719,1702865719,0,1,'user','cat list',3),(715,1702866028,1702866028,0,1,'route','cat list',3),(716,1702866029,1702866029,0,1,'permission','cat list',3),(717,1702866040,1702866040,0,1,'permission','id:79 name:会议室',0),(718,1702866040,1702866040,0,1,'permission','cat list',3),(719,1702866054,1702866054,0,1,'permission','id:79 name:会议室管理',2),(720,1702866054,1702866054,0,1,'permission','cat list',3),(721,1702866058,1702866058,0,1,'permission','id:80 name:会议室',0),(722,1702866058,1702866058,0,1,'permission','cat list',3),(723,1702866086,1702866086,0,1,'route','cat list',3),(724,1702866086,1702866086,0,1,'permission','cat list',3),(725,1702866089,1702866089,0,1,'role','cat list',3),(726,1702866092,1702866092,0,1,'role/permission','1',3),(727,1702866098,1702866098,0,1,'role/permission','1:超级管理员',2),(728,1702866102,1702866102,0,1,'admin','login',3),(729,1702866102,1702866102,0,1,'user','cat list',3),(730,1702881205,1702881205,0,1,'admin','login',3),(731,1702881205,1702881205,0,1,'user','cat list',3),(732,1702971178,1702971178,0,1,'admin','login',3),(733,1702971178,1702971178,0,1,'user','cat list',3),(734,1702971180,1702971180,0,1,'user','cat list',3),(735,1703052677,1703052677,0,1,'admin','login',3),(736,1703052677,1703052677,0,1,'user','cat list',3),(737,1703053953,1703053953,0,1,'user','cat list',3),(738,1703058908,1703058908,0,1,'admin','login',3),(739,1703058923,1703058923,0,1,'user','cat list',3),(740,1703059044,1703059044,0,1,'admin','login',3),(741,1703059044,1703059044,0,1,'user','cat list',3),(742,1703060976,1703060976,0,1,'admin','login',3),(743,1703060976,1703060976,0,1,'user','cat list',3),(744,1703121563,1703121563,0,1,'admin','login',3),(745,1703121563,1703121563,0,1,'user','cat list',3),(746,1703147770,1703147770,0,1,'admin','login',3),(747,1703147771,1703147771,0,1,'user','cat list',3),(748,1703147846,1703147846,0,1,'admin','login',3),(749,1703147847,1703147847,0,1,'user','cat list',3),(750,1703209336,1703209336,0,1,'admin','login',3),(751,1703209336,1703209336,0,1,'user','cat list',3),(752,1703236449,1703236449,0,1,'admin','login',3),(753,1703236449,1703236449,0,1,'user','cat list',3);
/*!40000 ALTER TABLE `shard_operate_log` ENABLE KEYS */;
UNLOCK TABLES;

--
-- Table structure for table `shard_permission`
--

DROP TABLE IF EXISTS `shard_permission`;
/*!40101 SET @saved_cs_client     = @@character_set_client */;
/*!50503 SET character_set_client = utf8mb4 */;
CREATE TABLE `shard_permission` (
  `id` bigint NOT NULL AUTO_INCREMENT,
  `created_time` bigint DEFAULT NULL,
  `updated_time` bigint DEFAULT NULL,
  `is_deleted` tinyint(1) DEFAULT '0',
  `name` longtext,
  `parent_id` bigint DEFAULT NULL,
  `key` longtext,
  `icon` longtext,
  PRIMARY KEY (`id`)
) ENGINE=InnoDB AUTO_INCREMENT=81 DEFAULT CHARSET=utf8mb4 COLLATE=utf8mb4_0900_ai_ci;
/*!40101 SET character_set_client = @saved_cs_client */;

--
-- Dumping data for table `shard_permission`
--

LOCK TABLES `shard_permission` WRITE;
/*!40000 ALTER TABLE `shard_permission` DISABLE KEYS */;
INSERT INTO `shard_permission` VALUES (5,1631101512,1631110015,0,'管理',0,'','el-icon-s-tools'),(22,1631110062,1631263105,0,'权限管理',5,'1_0_21313131231','el-icon-s-tools'),(26,1631171043,1631263096,0,'添加权限',22,'22_1_1631171034438',''),(27,1631189154,1631263090,0,'删除权限',22,'22_2_1631189149693',''),(28,1631260058,1631260058,0,'人员管理',0,'0_0_1631260049220','el-icon-user'),(29,1631260067,1631273182,0,'用户列表',28,'28_1_1631260060784','el-icon-user-solid'),(30,1631260078,1631273188,0,'管理员列表',28,'28_2_1631260069872','el-icon-s-custom'),(31,1631260127,1631273224,0,'角色管理',28,'28_3_1631260121599','el-icon-s-check'),(32,1631263083,1631263083,0,'编辑权限',22,'22_3_1631263050215',''),(33,1631276880,1631276904,0,'新增',30,'30_1_1631276859399',''),(34,1631276901,1631276933,0,'编辑',30,'30_2_1631276890248',''),(35,1631276919,1631276919,0,'删除',30,'30_3_1631276905329',''),(36,1631276958,1631276989,0,'变更角色',30,'30_4_1631276938272',''),(37,1631276984,1631279403,0,'变更权限',30,'30_5_1631276967393',''),(38,1631277288,1631277288,0,'重置密码',30,'30_6_1631277265508',''),(40,1631277638,1631277638,0,'新增',31,'31_1_1631277588024',''),(41,1631277677,1631277677,0,'编辑',31,'31_2_1631277662260',''),(42,1631277686,1631277686,0,'删除',31,'31_3_1631277678919',''),(43,1631277740,1631279397,0,'变更权限',31,'30_5_1631276967393',''),(44,1631589542,1631589542,0,'新增',29,'29_1_1631589517500',''),(45,1631589557,1631589557,0,'编辑',29,'29_2_1631589543207',''),(46,1631589568,1631589568,0,'删除',29,'29_3_1631589558934',''),(47,1631589586,1631589586,0,'重置密码',29,'29_4_1631589569386',''),(48,1631954799,1631954799,0,'调整余额',29,'29_5_1631954785974',''),(49,1632291170,1632291170,0,'修改头像',30,'30_7_1632291149973',''),(50,1646896492,1646919693,0,'工具',0,'0_0_1646895799021','el-icon-s-platform'),(51,1646919685,1646919685,0,'文件管理',50,'50_1_1646919662672','el-icon-s-order'),(52,1648434584,1648434584,0,'新增',51,'51_1_1648434568048',''),(53,1648434614,1648434614,0,'编辑',51,'51_2_1648434600816',''),(54,1648434679,1648434679,0,'删除',51,'51_3_1648434667207',''),(55,1648434688,1648434688,0,'运行',51,'51_4_1648434681188',''),(56,1648439117,1648439117,0,'详情',51,'51_5_1648439101813',''),(57,1654153827,1654153827,0,'主机管理',50,'50_2_1654153710016','el-icon-s-finance'),(58,1654153849,1654153849,0,'新增',57,'57_1_1654153831042','el-icon-s-finance'),(60,1655046187,1655046187,0,'日志管理',5,'5_3_1655046177871',NULL),(61,1655103873,1655103873,0,'任务管理',50,'50_3_1655103866059',NULL),(62,1655444764,1655444774,0,'编辑',57,'57_2_1655444757148',NULL),(63,1655444784,1655444784,0,'删除',57,'57_3_1655444776217',NULL),(64,1655444805,1655444825,0,'连接',57,'57_4_1655444801659',NULL),(65,1655444987,1655444987,0,'新增',61,'61_1_1655444978082',NULL),(66,1655445004,1655445004,0,'编辑',61,'61_2_1655444995571',NULL),(67,1655445019,1655445019,0,'删除',61,'61_3_1655445011513',NULL),(68,1655445031,1655445031,0,'日志',61,'61_4_1655445024555',NULL),(69,1655445058,1655445058,0,'运行',61,'61_5_1655445038373',NULL),(70,1655445073,1655445073,0,'停止',61,'61_6_1655445065198',NULL),(71,1655446009,1655446009,0,'删除任务日志',61,'61_7_1655445983121',NULL),(72,1663653799,1663653799,0,'清空',60,'60_1_1663653785589',NULL),(73,1663655086,1663655086,0,'删除',60,'60_2_1663655078308',NULL),(76,1690250605,1690250637,0,'微信管理',0,'0_0_1690250595176',NULL),(77,1690250631,1702621986,0,'微信聊天室',76,'76_1_1690250619835',NULL),(78,1690426725,1690426725,0,'回复规则',76,'76_2_1690426715889',NULL),(79,1702866040,1702866054,0,'会议室管理',0,'0_0_1702866031996',NULL),(80,1702866058,1702866058,0,'会议室',79,'79_1_1702866055492',NULL);
/*!40000 ALTER TABLE `shard_permission` ENABLE KEYS */;
UNLOCK TABLES;

--
-- Table structure for table `shard_permission_route`
--

DROP TABLE IF EXISTS `shard_permission_route`;
/*!40101 SET @saved_cs_client     = @@character_set_client */;
/*!50503 SET character_set_client = utf8mb4 */;
CREATE TABLE `shard_permission_route` (
  `permission_id` bigint NOT NULL,
  `route_id` bigint NOT NULL,
  PRIMARY KEY (`permission_id`,`route_id`),
  KEY `fk_shard_permission_route_route` (`route_id`),
  CONSTRAINT `fk_shard_permission_route_permission` FOREIGN KEY (`permission_id`) REFERENCES `shard_permission` (`id`),
  CONSTRAINT `fk_shard_permission_route_route` FOREIGN KEY (`route_id`) REFERENCES `shard_route` (`id`)
) ENGINE=InnoDB DEFAULT CHARSET=utf8mb4 COLLATE=utf8mb4_0900_ai_ci;
/*!40101 SET character_set_client = @saved_cs_client */;

--
-- Dumping data for table `shard_permission_route`
--

LOCK TABLES `shard_permission_route` WRITE;
/*!40000 ALTER TABLE `shard_permission_route` DISABLE KEYS */;
INSERT INTO `shard_permission_route` VALUES (22,2),(26,3),(29,6),(30,9),(49,14),(33,15),(34,15),(44,17),(35,31),(45,32),(34,33),(27,34),(46,35),(32,36),(40,38),(41,39),(31,40),(42,41),(37,43),(43,43),(37,44),(43,44),(38,48),(36,51),(47,52),(48,53),(52,56),(51,57),(56,60),(65,61),(61,62),(67,63),(55,64),(53,65),(54,83),(57,93),(58,94),(62,95),(63,96),(64,101),(60,102),(64,103),(70,104),(68,105),(71,106),(66,107),(69,109),(72,114),(73,115);
/*!40000 ALTER TABLE `shard_permission_route` ENABLE KEYS */;
UNLOCK TABLES;

--
-- Table structure for table `shard_role`
--

DROP TABLE IF EXISTS `shard_role`;
/*!40101 SET @saved_cs_client     = @@character_set_client */;
/*!50503 SET character_set_client = utf8mb4 */;
CREATE TABLE `shard_role` (
  `id` bigint NOT NULL AUTO_INCREMENT,
  `created_time` bigint DEFAULT NULL,
  `updated_time` bigint DEFAULT NULL,
  `is_deleted` tinyint(1) DEFAULT '0',
  `name` longtext,
  PRIMARY KEY (`id`)
) ENGINE=InnoDB AUTO_INCREMENT=9 DEFAULT CHARSET=utf8mb4 COLLATE=utf8mb4_0900_ai_ci;
/*!40101 SET character_set_client = @saved_cs_client */;

--
-- Dumping data for table `shard_role`
--

LOCK TABLES `shard_role` WRITE;
/*!40000 ALTER TABLE `shard_role` DISABLE KEYS */;
INSERT INTO `shard_role` VALUES (1,1631168588,1702866098,0,'超级管理员'),(2,1631168810,1648440377,0,'普通的页面仔'),(3,1631537737,1672909711,0,'admin3'),(4,1631537742,1631537742,0,'admin4'),(5,1631537745,1661327609,0,'admin5');
/*!40000 ALTER TABLE `shard_role` ENABLE KEYS */;
UNLOCK TABLES;

--
-- Table structure for table `shard_role_permission`
--

DROP TABLE IF EXISTS `shard_role_permission`;
/*!40101 SET @saved_cs_client     = @@character_set_client */;
/*!50503 SET character_set_client = utf8mb4 */;
CREATE TABLE `shard_role_permission` (
  `role_id` bigint NOT NULL,
  `permission_id` bigint NOT NULL,
  PRIMARY KEY (`role_id`,`permission_id`),
  KEY `fk_shard_role_permission_permission` (`permission_id`),
  CONSTRAINT `fk_shard_role_permission_permission` FOREIGN KEY (`permission_id`) REFERENCES `shard_permission` (`id`),
  CONSTRAINT `fk_shard_role_permission_role` FOREIGN KEY (`role_id`) REFERENCES `shard_role` (`id`)
) ENGINE=InnoDB DEFAULT CHARSET=utf8mb4 COLLATE=utf8mb4_0900_ai_ci;
/*!40101 SET character_set_client = @saved_cs_client */;

--
-- Dumping data for table `shard_role_permission`
--

LOCK TABLES `shard_role_permission` WRITE;
/*!40000 ALTER TABLE `shard_role_permission` DISABLE KEYS */;
INSERT INTO `shard_role_permission` VALUES (1,5),(3,5),(5,5),(1,22),(3,22),(5,22),(1,26),(3,26),(5,26),(1,27),(3,27),(1,28),(2,28),(1,29),(2,29),(1,30),(2,30),(1,31),(2,31),(1,32),(3,32),(1,33),(2,33),(1,34),(2,34),(1,35),(2,35),(1,36),(2,36),(1,37),(2,37),(1,38),(2,38),(1,40),(2,40),(1,41),(2,41),(1,42),(2,42),(1,43),(2,43),(1,44),(2,44),(1,45),(2,45),(1,46),(2,46),(1,47),(2,47),(1,48),(1,49),(1,50),(2,50),(1,51),(2,51),(1,52),(1,53),(1,54),(1,55),(1,56),(1,57),(1,58),(1,60),(3,60),(1,61),(1,62),(1,63),(1,64),(1,65),(1,66),(1,67),(1,68),(1,69),(1,70),(1,71),(1,72),(3,72),(1,73),(3,73),(1,76),(1,77),(1,78),(1,79),(1,80);
/*!40000 ALTER TABLE `shard_role_permission` ENABLE KEYS */;
UNLOCK TABLES;

--
-- Table structure for table `shard_route`
--

DROP TABLE IF EXISTS `shard_route`;
/*!40101 SET @saved_cs_client     = @@character_set_client */;
/*!50503 SET character_set_client = utf8mb4 */;
CREATE TABLE `shard_route` (
  `id` bigint NOT NULL AUTO_INCREMENT,
  `created_time` bigint DEFAULT NULL,
  `updated_time` bigint DEFAULT NULL,
  `is_deleted` tinyint(1) DEFAULT '0',
  `name` varchar(20) DEFAULT NULL,
  `method` varchar(20) DEFAULT NULL,
  `path` varchar(50) DEFAULT NULL,
  `permission_id` bigint DEFAULT NULL,
  `route_id` bigint DEFAULT NULL,
  `module` varchar(50) DEFAULT NULL,
  PRIMARY KEY (`id`),
  KEY `fk_shard_route_permission` (`permission_id`),
  KEY `fk_shard_route_route` (`route_id`),
  CONSTRAINT `fk_shard_route_permission` FOREIGN KEY (`permission_id`) REFERENCES `shard_permission` (`id`),
  CONSTRAINT `fk_shard_route_route` FOREIGN KEY (`route_id`) REFERENCES `shard_route` (`id`)
) ENGINE=InnoDB AUTO_INCREMENT=162 DEFAULT CHARSET=utf8mb4 COLLATE=utf8mb4_0900_ai_ci;
/*!40101 SET character_set_client = @saved_cs_client */;

--
-- Dumping data for table `shard_route`
--

LOCK TABLES `shard_route` WRITE;
/*!40000 ALTER TABLE `shard_route` DISABLE KEYS */;
INSERT INTO `shard_route` VALUES (2,1631017285,1631023195,0,'获取所有权限','GET','/backend/v1/permissions',NULL,NULL,NULL),(3,1631017285,1631017285,0,'','POST','/backend/v1/permissions',NULL,NULL,NULL),(6,1631017285,1631017285,0,'','GET','/backend/v1/users',NULL,NULL,NULL),(9,1631017285,1631017285,0,'','GET','/backend/v1/admins',NULL,NULL,NULL),(11,1631017285,1631017285,0,'','POST','/backend/v1/admins/login',NULL,NULL,NULL),(14,1631017285,1631017285,0,'','PUT','/backend/v1/admins/avatar',NULL,NULL,NULL),(15,1631017285,1631017285,0,'','POST','/backend/v1/admins',NULL,NULL,NULL),(17,1631017285,1631017285,0,'','POST','/backend/v1/users',NULL,NULL,NULL),(31,1631018134,1631018134,0,'','DELETE','/backend/v1/admins/:id',NULL,NULL,NULL),(32,1631018134,1631018134,0,'','PUT','/backend/v1/users/:id',NULL,NULL,NULL),(33,1631018134,1631018134,0,'','PUT','/backend/v1/admins/:id',NULL,NULL,NULL),(34,1631018134,1631018134,0,'','DELETE','/backend/v1/permissions/:id',NULL,NULL,NULL),(35,1631018134,1631018134,0,'','DELETE','/backend/v1/users/:id',NULL,NULL,NULL),(36,1631018134,1631018134,0,'','PUT','/backend/v1/permissions/:id',NULL,NULL,NULL),(38,1631157768,1631157768,0,NULL,'POST','/backend/v1/roles',NULL,NULL,NULL),(39,1631157768,1631157768,0,NULL,'PUT','/backend/v1/roles/:id',NULL,NULL,NULL),(40,1631157768,1631157768,0,NULL,'GET','/backend/v1/roles',NULL,NULL,NULL),(41,1631157768,1631157768,0,NULL,'DELETE','/backend/v1/roles/:id',NULL,NULL,NULL),(43,1631170482,1631170482,0,NULL,'GET','/backend/v1/roles/permissions/:id',NULL,NULL,NULL),(44,1631170681,1631170681,0,NULL,'PUT','/backend/v1/roles/permissions/:id',NULL,NULL,NULL),(45,1631199982,1631199982,0,NULL,'GET','/backend/v1/routes',NULL,NULL,NULL),(48,1631202091,1631202091,0,NULL,'GET','/backend/v1/admins/password/reset/:id',NULL,NULL,NULL),(49,1631202123,1631202123,0,NULL,'PUT','/backend/v1/admins/password/change',NULL,NULL,NULL),(51,1631242698,1631242698,0,NULL,'PUT','/backend/v1/admins/roles/change/:id',NULL,NULL,NULL),(52,1631589013,1631589013,0,NULL,'GET','/backend/v1/users/password/reset/:id',NULL,NULL,NULL),(53,1631951620,1631951620,0,NULL,'PATCH','/backend/v1/users/balance/adjust/:id',NULL,NULL,NULL),(55,1632279021,1632279021,0,NULL,'GET','/backend/v1/oss/token',NULL,NULL,NULL),(56,1646895007,1646895007,0,NULL,'POST','/backend/v1/file',NULL,NULL,NULL),(57,1646902642,1646902642,0,NULL,'GET','/backend/v1/file',NULL,NULL,NULL),(59,1646903295,1646903295,0,NULL,'GET','/backend/v1/version',NULL,NULL,NULL),(60,1646969187,1646969187,0,NULL,'GET','/backend/v1/file/:id',NULL,NULL,NULL),(61,1647586623,1647586623,0,NULL,'POST','/backend/v1/task',NULL,NULL,NULL),(62,1647591981,1647591981,0,NULL,'GET','/backend/v1/task',NULL,NULL,NULL),(63,1647591981,1647591981,0,NULL,'DELETE','/backend/v1/task/:id',NULL,NULL,NULL),(64,1648018316,1648018316,0,NULL,'POST','/backend/v1/file/run',NULL,NULL,NULL),(65,1648018316,1648018316,0,NULL,'PUT','/backend/v1/file/:id',NULL,NULL,NULL),(83,1648434653,1648434653,0,NULL,'DELETE','/backend/v1/file/:id',NULL,NULL,NULL),(84,1651412088,1651412088,0,NULL,'POST','/backend/v1/admins',NULL,NULL,'admin'),(85,1651412088,1651412088,0,NULL,'PUT','/backend/v1/admins/avatar',NULL,NULL,'admin'),(86,1651412088,1651412088,0,NULL,'PUT','/backend/v1/admins/roles/change/:id',NULL,NULL,'admin'),(87,1651412088,1651412088,0,NULL,'POST','/backend/v1/admins/login',NULL,NULL,'admin'),(88,1651412088,1651412088,0,NULL,'GET','/backend/v1/admins/password/reset/:id',NULL,NULL,'admin'),(89,1651412088,1651412088,0,NULL,'PUT','/backend/v1/admins/password/change',NULL,NULL,'admin'),(90,1651412088,1651412088,0,NULL,'DELETE','/backend/v1/admins/:id',NULL,NULL,'admin'),(91,1651412088,1651412088,0,NULL,'PUT','/backend/v1/admins/:id',NULL,NULL,'admin'),(92,1651412088,1651412088,0,NULL,'GET','/backend/v1/admins',NULL,NULL,'admin'),(93,1654153006,1654153006,0,NULL,'GET','/backend/v1/host',NULL,NULL,NULL),(94,1654153006,1654153006,0,NULL,'POST','/backend/v1/host',NULL,NULL,NULL),(95,1654157037,1654157037,0,NULL,'PUT','/backend/v1/host/:id',NULL,NULL,NULL),(96,1654157037,1654157037,0,NULL,'DELETE','/backend/v1/host/:id',NULL,NULL,NULL),(101,1654841874,1654841874,0,NULL,'POST','/backend/v1/host/room',NULL,NULL,NULL),(102,1655037182,1655037182,0,NULL,'GET','/backend/v1/log',NULL,NULL,NULL),(103,1655090229,1655090229,0,NULL,'GET','/backend/v1/host/socket/:authorization/:id',NULL,NULL,NULL),(104,1655258896,1655258896,0,NULL,'DELETE','/backend/v1/task/stop/:id',NULL,NULL,NULL),(105,1655261292,1655261292,0,NULL,'GET','/backend/v1/task/log/:id',NULL,NULL,NULL),(106,1655273156,1655273156,0,NULL,'DELETE','/backend/v1/task/log/:id',NULL,NULL,NULL),(107,1655344027,1655344027,0,NULL,'PUT','/backend/v1/task/:id',NULL,NULL,NULL),(109,1655359215,1655359215,0,NULL,'GET','/backend/v1/task/run/:id',NULL,NULL,NULL),(114,1663639976,1663639976,0,NULL,'DELETE','/backend/v1/log/empty',NULL,NULL,NULL),(115,1663639976,1663639976,0,NULL,'DELETE','/backend/v1/log',NULL,NULL,NULL),(117,1663903072,1663903072,0,NULL,'POST','/backend/v1/live',NULL,NULL,NULL),(118,1663913973,1663913973,0,NULL,'GET','/backend/v1/live/:id',NULL,NULL,NULL),(119,1664259636,1664259636,0,NULL,'POST','/backend/v1/live/start',NULL,NULL,NULL),(121,1664262317,1664262317,0,NULL,'GET','/backend/v1/live',NULL,NULL,NULL),(122,1668761599,1668761599,0,NULL,'POST','/backend/v1/barrage',NULL,NULL,NULL),(123,1668761599,1668761599,0,NULL,'GET','/backend/v1/barrage',NULL,NULL,NULL),(127,1690249740,1690249740,0,NULL,'GET','/backend/v1/wechat/login/qrcode',NULL,NULL,NULL),(130,1690270336,1690270336,0,NULL,'GET','/backend/v1/wechat',NULL,NULL,NULL),(131,1690334966,1690334966,0,NULL,'GET','/backend/v1/wechat/status',NULL,NULL,NULL),(133,1690338473,1690338473,0,NULL,'GET','/backend/v1/wechat/socket/:authorization',NULL,NULL,NULL),(134,1690423714,1690423714,0,NULL,'POST','/backend/v1/wechat/rules',NULL,NULL,NULL),(136,1690423714,1690423714,0,NULL,'GET','/backend/v1/wechat/rules',NULL,NULL,NULL),(137,1690438994,1690438994,0,NULL,'GET','/backend/v1/wechat/rules/functions',NULL,NULL,NULL),(140,1690440567,1690440567,0,NULL,'PUT','/backend/v1/wechat/rules/:id',NULL,NULL,NULL),(141,1690440567,1690440567,0,NULL,'DELETE','/backend/v1/wechat/rules/:id',NULL,NULL,NULL),(143,1690513382,1690513382,0,NULL,'DELETE','/backend/v1/wechat/logout',NULL,NULL,NULL),(144,1696044504,1696044504,0,NULL,'PUT','/backend/v1/wechat/bots/reply/:id',NULL,NULL,NULL),(145,1696044504,1696044504,0,NULL,'POST','/backend/v1/wechat/bots/reply',NULL,NULL,NULL),(146,1696044504,1696044504,0,NULL,'POST','/backend/v1/wechat/bots/timer',NULL,NULL,NULL),(147,1696044504,1696044504,0,NULL,'PUT','/backend/v1/wechat/bots/timer/:id',NULL,NULL,NULL),(148,1696044504,1696044504,0,NULL,'DELETE','/backend/v1/wechat/bots/timer/:id',NULL,NULL,NULL),(149,1696044504,1696044504,0,NULL,'GET','/backend/v1/wechat/bots/reply',NULL,NULL,NULL),(150,1696044504,1696044504,0,NULL,'DELETE','/backend/v1/wechat/bots/reply/:id',NULL,NULL,NULL),(151,1696044504,1696044504,0,NULL,'GET','/backend/v1/wechat/bots/timer',NULL,NULL,NULL),(152,1702026037,1702026037,0,NULL,'GET','/backend/v1/wechat/avatar',NULL,NULL,NULL),(157,1703143611,1703143611,0,NULL,'POST','/backend/v1/meeting/push/:id',NULL,NULL,NULL),(158,1703236347,1703236347,0,NULL,'GET','/backend/v1/meeting/join/:id',NULL,NULL,NULL),(159,1703236347,1703236347,0,NULL,'GET','/backend/v1/meeting',NULL,NULL,NULL),(160,1703236347,1703236347,0,NULL,'GET','/backend/v1/meeting/offset/:id',NULL,NULL,NULL),(161,1703236347,1703236347,0,NULL,'POST','/backend/v1/meeting',NULL,NULL,NULL);
/*!40000 ALTER TABLE `shard_route` ENABLE KEYS */;
UNLOCK TABLES;

--
-- Table structure for table `shard_rule`
--

DROP TABLE IF EXISTS `shard_rule`;
/*!40101 SET @saved_cs_client     = @@character_set_client */;
/*!50503 SET character_set_client = utf8mb4 */;
CREATE TABLE `shard_rule` (
  `id` bigint NOT NULL AUTO_INCREMENT,
  `created_time` bigint NOT NULL COMMENT '创建时间',
  `updated_time` bigint NOT NULL COMMENT '更新时间',
  `is_deleted` tinyint(1) DEFAULT '0',
  `name` varchar(255) DEFAULT '' COMMENT '名称',
  `description` varchar(255) DEFAULT '' COMMENT '描述',
  `key` varchar(255) DEFAULT '' COMMENT '匹配关键字',
  `reply` varchar(255) DEFAULT '' COMMENT '回复代码',
  `uid` bigint DEFAULT '0' COMMENT '管理员id',
  PRIMARY KEY (`id`)
) ENGINE=InnoDB AUTO_INCREMENT=4 DEFAULT CHARSET=utf8mb4 COLLATE=utf8mb4_0900_ai_ci;
/*!40101 SET character_set_client = @saved_cs_client */;

--
-- Dumping data for table `shard_rule`
--

LOCK TABLES `shard_rule` WRITE;
/*!40000 ALTER TABLE `shard_rule` DISABLE KEYS */;
INSERT INTO `shard_rule` VALUES (2,1690439761,1690440627,0,'获取当前时间','回复当前系统时间,例如:1970-01-01 00:00:00','时间','{{now}}',1);
/*!40000 ALTER TABLE `shard_rule` ENABLE KEYS */;
UNLOCK TABLES;

--
-- Table structure for table `shard_task`
--

DROP TABLE IF EXISTS `shard_task`;
/*!40101 SET @saved_cs_client     = @@character_set_client */;
/*!50503 SET character_set_client = utf8mb4 */;
CREATE TABLE `shard_task` (
  `id` bigint NOT NULL AUTO_INCREMENT,
  `created_time` bigint DEFAULT NULL,
  `updated_time` bigint DEFAULT NULL,
  `is_deleted` tinyint(1) DEFAULT '0',
  `name` longtext,
  `remark` longtext,
  `status` tinyint DEFAULT NULL,
  `cmd` longtext,
  `effect_date` bigint DEFAULT NULL,
  `expiry_date` bigint DEFAULT NULL,
  `start_at` bigint DEFAULT NULL,
  `end_at` bigint DEFAULT NULL,
  `period` tinyint unsigned DEFAULT NULL,
  `comment` longtext,
  `effect_at` bigint DEFAULT NULL,
  `host_id` bigint DEFAULT NULL,
  `times` tinyint DEFAULT NULL,
  `expiry_at` bigint DEFAULT NULL,
  `next_exc_at` bigint DEFAULT NULL,
  `moment` tinyint unsigned DEFAULT NULL,
  `order` longtext,
  `spec` longtext,
  `expiry_time` bigint DEFAULT NULL,
  `next_exec_time` bigint DEFAULT NULL,
  `effect_time` bigint DEFAULT NULL,
  PRIMARY KEY (`id`)
) ENGINE=InnoDB AUTO_INCREMENT=31 DEFAULT CHARSET=utf8mb4 COLLATE=utf8mb4_0900_ai_ci;
/*!40101 SET character_set_client = @saved_cs_client */;

--
-- Dumping data for table `shard_task`
--

LOCK TABLES `shard_task` WRITE;
/*!40000 ALTER TABLE `shard_task` DISABLE KEYS */;
INSERT INTO `shard_task` VALUES (25,1655282162,1657013193,0,'date',NULL,-1,'date',NULL,NULL,NULL,NULL,NULL,'',NULL,1,NULL,NULL,NULL,NULL,NULL,'* * * * * ',0,1655354400,0),(26,1655282300,1657013192,0,'ls',NULL,-1,'ls',NULL,NULL,NULL,NULL,NULL,'',NULL,1,NULL,NULL,NULL,NULL,NULL,'* * * * * ',0,1655354400,0),(29,1655282770,1657013191,0,'百度',NULL,-1,'/',NULL,NULL,NULL,NULL,NULL,'',NULL,13,NULL,NULL,NULL,NULL,NULL,'* * * * *',0,0,0),(30,1655282923,1663293486,0,'获取version',NULL,-1,'/backend/v1/version',NULL,NULL,NULL,NULL,NULL,'',NULL,14,NULL,NULL,NULL,NULL,NULL,'* * * * * ',0,1657013220,0);
/*!40000 ALTER TABLE `shard_task` ENABLE KEYS */;
UNLOCK TABLES;

--
-- Table structure for table `shard_task_log`
--

DROP TABLE IF EXISTS `shard_task_log`;
/*!40101 SET @saved_cs_client     = @@character_set_client */;
/*!50503 SET character_set_client = utf8mb4 */;
CREATE TABLE `shard_task_log` (
  `id` bigint NOT NULL AUTO_INCREMENT,
  `created_time` bigint DEFAULT NULL,
  `updated_time` bigint DEFAULT NULL,
  `is_deleted` tinyint(1) DEFAULT '0',
  `task_id` bigint DEFAULT NULL,
  `status` tinyint unsigned DEFAULT NULL,
  `comment` longtext,
  PRIMARY KEY (`id`)
) ENGINE=InnoDB AUTO_INCREMENT=1212 DEFAULT CHARSET=utf8mb4 COLLATE=utf8mb4_0900_ai_ci;
/*!40101 SET character_set_client = @saved_cs_client */;

--
-- Dumping data for table `shard_task_log`
--

LOCK TABLES `shard_task_log` WRITE;
/*!40000 ALTER TABLE `shard_task_log` DISABLE KEYS */;
INSERT INTO `shard_task_log` VALUES (135,1655282160,1655282160,0,24,1,'go\nmysql.conf\nservers\nweb\n'),(136,1655282220,1655282220,0,24,1,'go\nmysql.conf\nservers\nweb\n'),(138,1655282280,1655282280,0,24,1,'go\nmysql.conf\nservers\nweb\n'),(142,1655282340,1655282340,0,24,1,'go\nmysql.conf\nservers\nweb\n'),(145,1655282400,1655282400,0,24,1,'go\nmysql.conf\nservers\nweb\n'),(147,1655282460,1655282460,0,24,1,'go\nmysql.conf\nservers\nweb\n'),(149,1655282520,1655282520,0,24,1,'go\nmysql.conf\nservers\nweb\n'),(153,1655282580,1655282580,0,24,1,'go\nmysql.conf\nservers\nweb\n'),(175,1655283300,1655283300,0,25,1,'Wed Jun 15 16:55:00 CST 2022\n'),(178,1655283360,1655283360,0,26,1,'go\nmysql.conf\nservers\nweb\n'),(179,1655283360,1655283360,0,25,1,'Wed Jun 15 16:56:00 CST 2022\n'),(180,1655283780,1655283780,0,26,1,'go\nmysql.conf\nservers\nweb\n'),(181,1655283780,1655283780,0,25,1,'Wed Jun 15 17:03:00 CST 2022\n'),(182,1655283840,1655283840,0,25,1,'Wed Jun 15 17:04:00 CST 2022\n'),(183,1655283840,1655283840,0,26,1,'go\nmysql.conf\nservers\nweb\n'),(184,1655283900,1655283900,0,25,1,'Wed Jun 15 17:05:00 CST 2022\n'),(185,1655283900,1655283900,0,26,1,'go\nmysql.conf\nservers\nweb\n'),(186,1655283960,1655283960,0,25,1,'Wed Jun 15 17:06:00 CST 2022\n'),(187,1655283960,1655283960,0,26,1,'go\nmysql.conf\nservers\nweb\n'),(190,1655343060,1655343060,0,25,1,'Thu Jun 16 09:31:00 CST 2022\n'),(191,1655343060,1655343060,0,26,1,'go\nmysql.conf\nservers\nweb\n'),(194,1655343120,1655343120,0,26,1,'go\nmysql.conf\nservers\nweb\n'),(195,1655343120,1655343120,0,25,1,'Thu Jun 16 09:32:00 CST 2022\n'),(198,1655343180,1655343180,0,26,1,'go\nmysql.conf\nservers\nweb\n'),(199,1655343180,1655343180,0,25,1,'Thu Jun 16 09:33:00 CST 2022\n'),(202,1655343240,1655343240,0,26,1,'go\nmysql.conf\nservers\nweb\n'),(203,1655343240,1655343240,0,25,1,'Thu Jun 16 09:34:00 CST 2022\n'),(204,1655344080,1655344080,0,25,1,'Thu Jun 16 09:48:00 CST 2022\n'),(205,1655344080,1655344080,0,26,1,'go\nmysql.conf\nservers\nweb\n'),(206,1655344140,1655344140,0,25,1,'Thu Jun 16 09:49:00 CST 2022\n'),(207,1655344140,1655344140,0,26,1,'go\nmysql.conf\nservers\nweb\n'),(208,1655344200,1655344200,0,26,1,'go\nmysql.conf\nservers\nweb\n'),(209,1655344200,1655344200,0,25,1,'Thu Jun 16 09:50:00 CST 2022\n'),(210,1655344260,1655344260,0,25,1,'Thu Jun 16 09:51:00 CST 2022\n'),(211,1655344260,1655344260,0,26,1,'go\nmysql.conf\nservers\nweb\n'),(212,1655344320,1655344320,0,25,1,'Thu Jun 16 09:52:00 CST 2022\n'),(213,1655344320,1655344320,0,26,1,'go\nmysql.conf\nservers\nweb\n'),(214,1655344380,1655344380,0,25,1,'Thu Jun 16 09:53:00 CST 2022\n'),(215,1655344380,1655344380,0,26,1,'go\nmysql.conf\nservers\nweb\n'),(216,1655344440,1655344440,0,25,1,'Thu Jun 16 09:54:00 CST 2022\n'),(217,1655344440,1655344440,0,26,1,'go\nmysql.conf\nservers\nweb\n'),(218,1655344500,1655344500,0,25,1,'Thu Jun 16 09:55:00 CST 2022\n'),(219,1655344500,1655344500,0,26,1,'go\nmysql.conf\nservers\nweb\n'),(220,1655344560,1655344560,0,26,1,'go\nmysql.conf\nservers\nweb\n'),(221,1655344560,1655344560,0,25,1,'Thu Jun 16 09:56:00 CST 2022\n'),(222,1655344620,1655344620,0,25,1,'Thu Jun 16 09:57:00 CST 2022\n'),(223,1655344620,1655344620,0,26,1,'go\nmysql.conf\nservers\nweb\n'),(224,1655344680,1655344680,0,25,1,'Thu Jun 16 09:58:00 CST 2022\n'),(225,1655344680,1655344680,0,26,1,'go\nmysql.conf\nservers\nweb\n'),(226,1655344740,1655344740,0,25,1,'Thu Jun 16 09:59:00 CST 2022\n'),(227,1655344740,1655344740,0,26,1,'go\nmysql.conf\nservers\nweb\n'),(229,1655344800,1655344800,0,26,1,'go\nmysql.conf\nservers\nweb\n'),(230,1655344800,1655344800,0,25,1,'Thu Jun 16 10:00:00 CST 2022\n'),(232,1655344860,1655344860,0,25,1,'Thu Jun 16 10:01:00 CST 2022\n'),(233,1655344860,1655344860,0,26,1,'go\nmysql.conf\nservers\nweb\n'),(235,1655344920,1655344920,0,26,1,'go\nmysql.conf\nservers\nweb\n'),(236,1655344920,1655344920,0,25,1,'Thu Jun 16 10:02:00 CST 2022\n'),(238,1655344980,1655344980,0,25,1,'Thu Jun 16 10:03:00 CST 2022\n'),(239,1655344980,1655344980,0,26,1,'go\nmysql.conf\nservers\nweb\n'),(241,1655345040,1655345040,0,25,1,'Thu Jun 16 10:04:00 CST 2022\n'),(242,1655345040,1655345040,0,26,1,'go\nmysql.conf\nservers\nweb\n'),(244,1655345100,1655345100,0,25,1,'Thu Jun 16 10:05:00 CST 2022\n'),(245,1655345100,1655345100,0,26,1,'go\nmysql.conf\nservers\nweb\n'),(247,1655345160,1655345160,0,25,1,'Thu Jun 16 10:06:00 CST 2022\n'),(248,1655345160,1655345160,0,26,1,'go\nmysql.conf\nservers\nweb\n'),(251,1655345220,1655345220,0,25,1,'Thu Jun 16 10:07:00 CST 2022\n'),(252,1655345220,1655345220,0,26,1,'go\nmysql.conf\nservers\nweb\n'),(255,1655345280,1655345280,0,25,1,'Thu Jun 16 10:08:00 CST 2022\n'),(256,1655345280,1655345280,0,26,1,'go\nmysql.conf\nservers\nweb\n'),(259,1655345340,1655345340,0,26,1,'go\nmysql.conf\nservers\nweb\n'),(260,1655345340,1655345340,0,25,1,'Thu Jun 16 10:09:00 CST 2022\n'),(263,1655345400,1655345400,0,25,1,'Thu Jun 16 10:10:00 CST 2022\n'),(264,1655345400,1655345400,0,26,1,'go\nmysql.conf\nservers\nweb\n'),(267,1655345460,1655345460,0,25,1,'Thu Jun 16 10:11:00 CST 2022\n'),(268,1655345460,1655345460,0,26,1,'go\nmysql.conf\nservers\nweb\n'),(271,1655345520,1655345520,0,26,1,'go\nmysql.conf\nservers\nweb\n'),(272,1655345520,1655345520,0,25,1,'Thu Jun 16 10:12:00 CST 2022\n'),(275,1655345580,1655345580,0,26,1,'go\nmysql.conf\nservers\nweb\n'),(276,1655345580,1655345580,0,25,1,'Thu Jun 16 10:13:00 CST 2022\n'),(278,1655345700,1655345700,0,25,1,'Thu Jun 16 10:15:00 CST 2022\n'),(279,1655345700,1655345700,0,26,1,'go\nmysql.conf\nservers\nweb\n'),(281,1655345760,1655345760,0,26,1,'go\nmysql.conf\nservers\nweb\n'),(282,1655345760,1655345760,0,25,1,'Thu Jun 16 10:16:00 CST 2022\n'),(284,1655345820,1655345820,0,25,1,'Thu Jun 16 10:17:00 CST 2022\n'),(285,1655345820,1655345820,0,26,1,'go\nmysql.conf\nservers\nweb\n'),(287,1655345880,1655345880,0,26,1,'go\nmysql.conf\nservers\nweb\n'),(288,1655345880,1655345880,0,25,1,'Thu Jun 16 10:18:00 CST 2022\n'),(290,1655345940,1655345940,0,26,1,'go\nmysql.conf\nservers\nweb\n'),(291,1655345940,1655345940,0,25,1,'Thu Jun 16 10:19:00 CST 2022\n'),(293,1655346000,1655346000,0,26,1,'go\nmysql.conf\nservers\nweb\n'),(294,1655346000,1655346000,0,25,1,'Thu Jun 16 10:20:00 CST 2022\n'),(296,1655346060,1655346060,0,26,1,'go\nmysql.conf\nservers\nweb\n'),(297,1655346060,1655346060,0,25,1,'Thu Jun 16 10:21:00 CST 2022\n'),(299,1655346120,1655346120,0,25,1,'Thu Jun 16 10:22:00 CST 2022\n'),(300,1655346120,1655346120,0,26,1,'go\nmysql.conf\nservers\nweb\n'),(302,1655346180,1655346180,0,25,1,'Thu Jun 16 10:23:00 CST 2022\n'),(303,1655346180,1655346180,0,26,1,'go\nmysql.conf\nservers\nweb\n'),(305,1655346240,1655346240,0,25,1,'Thu Jun 16 10:24:00 CST 2022\n'),(306,1655346240,1655346240,0,26,1,'go\nmysql.conf\nservers\nweb\n'),(308,1655346300,1655346300,0,25,1,'Thu Jun 16 10:25:00 CST 2022\n'),(309,1655346300,1655346300,0,26,1,'go\nmysql.conf\nservers\nweb\n'),(311,1655346360,1655346360,0,26,1,'go\nmysql.conf\nservers\nweb\n'),(312,1655346360,1655346360,0,25,1,'Thu Jun 16 10:26:00 CST 2022\n'),(314,1655346420,1655346420,0,25,1,'Thu Jun 16 10:27:00 CST 2022\n'),(315,1655346420,1655346420,0,26,1,'go\nmysql.conf\nservers\nweb\n'),(317,1655346480,1655346480,0,25,1,'Thu Jun 16 10:28:00 CST 2022\n'),(318,1655346480,1655346480,0,26,1,'go\nmysql.conf\nservers\nweb\n'),(320,1655346540,1655346540,0,26,1,'go\nmysql.conf\nservers\nweb\n'),(321,1655346540,1655346540,0,25,1,'Thu Jun 16 10:29:00 CST 2022\n'),(323,1655346600,1655346600,0,25,1,'Thu Jun 16 10:30:00 CST 2022\n'),(324,1655346600,1655346600,0,26,1,'go\nmysql.conf\nservers\nweb\n'),(326,1655346660,1655346660,0,26,1,'go\nmysql.conf\nservers\nweb\n'),(327,1655346660,1655346660,0,25,1,'Thu Jun 16 10:31:00 CST 2022\n'),(329,1655346720,1655346720,0,26,1,'go\nmysql.conf\nservers\nweb\n'),(330,1655346720,1655346720,0,25,1,'Thu Jun 16 10:32:00 CST 2022\n'),(332,1655346780,1655346780,0,26,1,'go\nmysql.conf\nservers\nweb\n'),(333,1655346780,1655346780,0,25,1,'Thu Jun 16 10:33:00 CST 2022\n'),(335,1655346840,1655346840,0,25,1,'Thu Jun 16 10:34:00 CST 2022\n'),(336,1655346840,1655346840,0,26,1,'go\nmysql.conf\nservers\nweb\n'),(338,1655346900,1655346900,0,26,1,'go\nmysql.conf\nservers\nweb\n'),(339,1655346900,1655346900,0,25,1,'Thu Jun 16 10:35:00 CST 2022\n'),(341,1655346960,1655346960,0,25,1,'Thu Jun 16 10:36:00 CST 2022\n'),(342,1655346960,1655346960,0,26,1,'go\nmysql.conf\nservers\nweb\n'),(344,1655347020,1655347020,0,26,1,'go\nmysql.conf\nservers\nweb\n'),(345,1655347020,1655347020,0,25,1,'Thu Jun 16 10:37:00 CST 2022\n'),(347,1655347080,1655347080,0,26,1,'go\nmysql.conf\nservers\nweb\n'),(348,1655347080,1655347080,0,25,1,'Thu Jun 16 10:38:00 CST 2022\n'),(350,1655347140,1655347140,0,25,1,'Thu Jun 16 10:39:00 CST 2022\n'),(351,1655347140,1655347140,0,26,1,'go\nmysql.conf\nservers\nweb\n'),(353,1655347200,1655347200,0,25,1,'Thu Jun 16 10:40:00 CST 2022\n'),(354,1655347200,1655347200,0,26,1,'go\nmysql.conf\nservers\nweb\n'),(356,1655347260,1655347260,0,26,1,'go\nmysql.conf\nservers\nweb\n'),(357,1655347260,1655347260,0,25,1,'Thu Jun 16 10:41:00 CST 2022\n'),(359,1655347320,1655347320,0,25,1,'Thu Jun 16 10:42:00 CST 2022\n'),(360,1655347320,1655347320,0,26,1,'go\nmysql.conf\nservers\nweb\n'),(362,1655347380,1655347380,0,26,1,'go\nmysql.conf\nservers\nweb\n'),(363,1655347380,1655347380,0,25,1,'Thu Jun 16 10:43:00 CST 2022\n'),(365,1655347440,1655347440,0,26,1,'go\nmysql.conf\nservers\nweb\n'),(366,1655347440,1655347440,0,25,1,'Thu Jun 16 10:44:00 CST 2022\n'),(368,1655347500,1655347500,0,25,1,'Thu Jun 16 10:45:00 CST 2022\n'),(369,1655347500,1655347500,0,26,1,'go\nmysql.conf\nservers\nweb\n'),(371,1655347560,1655347560,0,26,1,'go\nmysql.conf\nservers\nweb\n'),(372,1655347560,1655347560,0,25,1,'Thu Jun 16 10:46:00 CST 2022\n'),(374,1655347620,1655347620,0,26,1,'go\nmysql.conf\nservers\nweb\n'),(375,1655347620,1655347620,0,25,1,'Thu Jun 16 10:47:00 CST 2022\n'),(377,1655347680,1655347680,0,25,1,'Thu Jun 16 10:48:00 CST 2022\n'),(378,1655347680,1655347680,0,26,1,'go\nmysql.conf\nservers\nweb\n'),(380,1655347740,1655347740,0,25,1,'Thu Jun 16 10:49:00 CST 2022\n'),(381,1655347740,1655347740,0,26,1,'go\nmysql.conf\nservers\nweb\n'),(383,1655347800,1655347800,0,26,1,'go\nmysql.conf\nservers\nweb\n'),(384,1655347800,1655347800,0,25,1,'Thu Jun 16 10:50:00 CST 2022\n'),(386,1655347860,1655347860,0,25,1,'Thu Jun 16 10:51:00 CST 2022\n'),(387,1655347860,1655347860,0,26,1,'go\nmysql.conf\nservers\nweb\n'),(389,1655347920,1655347920,0,25,1,'Thu Jun 16 10:52:00 CST 2022\n'),(390,1655347920,1655347920,0,26,1,'go\nmysql.conf\nservers\nweb\n'),(392,1655347980,1655347980,0,25,1,'Thu Jun 16 10:53:00 CST 2022\n'),(393,1655347980,1655347980,0,26,1,'go\nmysql.conf\nservers\nweb\n'),(395,1655348040,1655348040,0,26,1,'go\nmysql.conf\nservers\nweb\n'),(396,1655348040,1655348040,0,25,1,'Thu Jun 16 10:54:00 CST 2022\n'),(398,1655348100,1655348100,0,25,1,'Thu Jun 16 10:55:00 CST 2022\n'),(399,1655348100,1655348100,0,26,1,'go\nmysql.conf\nservers\nweb\n'),(401,1655348160,1655348160,0,26,1,'go\nmysql.conf\nservers\nweb\n'),(402,1655348160,1655348160,0,25,1,'Thu Jun 16 10:56:00 CST 2022\n'),(404,1655348220,1655348220,0,26,1,'go\nmysql.conf\nservers\nweb\n'),(405,1655348220,1655348220,0,25,1,'Thu Jun 16 10:57:00 CST 2022\n'),(407,1655348280,1655348280,0,25,1,'Thu Jun 16 10:58:00 CST 2022\n'),(408,1655348280,1655348280,0,26,1,'go\nmysql.conf\nservers\nweb\n'),(410,1655348340,1655348340,0,26,1,'go\nmysql.conf\nservers\nweb\n'),(411,1655348340,1655348340,0,25,1,'Thu Jun 16 10:59:00 CST 2022\n'),(413,1655348400,1655348400,0,26,1,'go\nmysql.conf\nservers\nweb\n'),(414,1655348400,1655348400,0,25,1,'Thu Jun 16 11:00:00 CST 2022\n'),(416,1655348460,1655348460,0,25,1,'Thu Jun 16 11:01:00 CST 2022\n'),(417,1655348460,1655348460,0,26,1,'go\nmysql.conf\nservers\nweb\n'),(419,1655348520,1655348520,0,25,1,'Thu Jun 16 11:02:00 CST 2022\n'),(420,1655348520,1655348520,0,26,1,'go\nmysql.conf\nservers\nweb\n'),(422,1655348580,1655348580,0,25,1,'Thu Jun 16 11:03:00 CST 2022\n'),(423,1655348580,1655348580,0,26,1,'go\nmysql.conf\nservers\nweb\n'),(425,1655348640,1655348640,0,26,1,'go\nmysql.conf\nservers\nweb\n'),(426,1655348640,1655348640,0,25,1,'Thu Jun 16 11:04:00 CST 2022\n'),(428,1655348700,1655348700,0,26,1,'go\nmysql.conf\nservers\nweb\n'),(429,1655348700,1655348700,0,25,1,'Thu Jun 16 11:05:00 CST 2022\n'),(431,1655348760,1655348760,0,25,1,'Thu Jun 16 11:06:00 CST 2022\n'),(432,1655348760,1655348760,0,26,1,'go\nmysql.conf\nservers\nweb\n'),(434,1655348820,1655348820,0,25,1,'Thu Jun 16 11:07:00 CST 2022\n'),(435,1655348820,1655348820,0,26,1,'go\nmysql.conf\nservers\nweb\n'),(437,1655348880,1655348880,0,26,1,'go\nmysql.conf\nservers\nweb\n'),(438,1655348880,1655348880,0,25,1,'Thu Jun 16 11:08:00 CST 2022\n'),(440,1655348940,1655348940,0,26,1,'go\nmysql.conf\nservers\nweb\n'),(441,1655348940,1655348940,0,25,1,'Thu Jun 16 11:09:00 CST 2022\n'),(443,1655349000,1655349000,0,26,1,'go\nmysql.conf\nservers\nweb\n'),(444,1655349000,1655349000,0,25,1,'Thu Jun 16 11:10:00 CST 2022\n'),(446,1655349060,1655349060,0,26,1,'go\nmysql.conf\nservers\nweb\n'),(447,1655349060,1655349060,0,25,1,'Thu Jun 16 11:11:00 CST 2022\n'),(449,1655349120,1655349120,0,26,1,'go\nmysql.conf\nservers\nweb\n'),(450,1655349120,1655349120,0,25,1,'Thu Jun 16 11:12:00 CST 2022\n'),(452,1655349180,1655349180,0,26,1,'go\nmysql.conf\nservers\nweb\n'),(453,1655349180,1655349180,0,25,1,'Thu Jun 16 11:13:00 CST 2022\n'),(455,1655349240,1655349240,0,26,1,'go\nmysql.conf\nservers\nweb\n'),(456,1655349240,1655349240,0,25,1,'Thu Jun 16 11:14:00 CST 2022\n'),(458,1655349300,1655349300,0,26,1,'go\nmysql.conf\nservers\nweb\n'),(459,1655349300,1655349300,0,25,1,'Thu Jun 16 11:15:00 CST 2022\n'),(461,1655349360,1655349360,0,25,1,'Thu Jun 16 11:16:00 CST 2022\n'),(462,1655349360,1655349360,0,26,1,'go\nmysql.conf\nservers\nweb\n'),(464,1655349420,1655349420,0,25,1,'Thu Jun 16 11:17:00 CST 2022\n'),(465,1655349420,1655349420,0,26,1,'go\nmysql.conf\nservers\nweb\n'),(467,1655349480,1655349480,0,26,1,'go\nmysql.conf\nservers\nweb\n'),(468,1655349480,1655349480,0,25,1,'Thu Jun 16 11:18:00 CST 2022\n'),(470,1655349540,1655349540,0,26,1,'go\nmysql.conf\nservers\nweb\n'),(471,1655349540,1655349540,0,25,1,'Thu Jun 16 11:19:00 CST 2022\n'),(473,1655349600,1655349600,0,25,1,'Thu Jun 16 11:20:00 CST 2022\n'),(474,1655349600,1655349600,0,26,1,'go\nmysql.conf\nservers\nweb\n'),(476,1655349660,1655349660,0,25,1,'Thu Jun 16 11:21:00 CST 2022\n'),(477,1655349660,1655349660,0,26,1,'go\nmysql.conf\nservers\nweb\n'),(479,1655349720,1655349720,0,26,1,'go\nmysql.conf\nservers\nweb\n'),(480,1655349720,1655349720,0,25,1,'Thu Jun 16 11:22:00 CST 2022\n'),(482,1655349780,1655349780,0,25,1,'Thu Jun 16 11:23:00 CST 2022\n'),(483,1655349780,1655349780,0,26,1,'go\nmysql.conf\nservers\nweb\n'),(485,1655349840,1655349840,0,25,1,'Thu Jun 16 11:24:00 CST 2022\n'),(486,1655349840,1655349840,0,26,1,'go\nmysql.conf\nservers\nweb\n'),(488,1655349900,1655349900,0,25,1,'Thu Jun 16 11:25:00 CST 2022\n'),(489,1655349900,1655349900,0,26,1,'go\nmysql.conf\nservers\nweb\n'),(491,1655349960,1655349960,0,25,1,'Thu Jun 16 11:26:00 CST 2022\n'),(492,1655349960,1655349960,0,26,1,'go\nmysql.conf\nservers\nweb\n'),(494,1655350020,1655350020,0,26,1,'go\nmysql.conf\nservers\nweb\n'),(495,1655350020,1655350020,0,25,1,'Thu Jun 16 11:27:00 CST 2022\n'),(497,1655350080,1655350080,0,25,1,'Thu Jun 16 11:28:00 CST 2022\n'),(498,1655350080,1655350080,0,26,1,'go\nmysql.conf\nservers\nweb\n'),(500,1655350140,1655350140,0,25,1,'Thu Jun 16 11:29:00 CST 2022\n'),(501,1655350140,1655350140,0,26,1,'go\nmysql.conf\nservers\nweb\n'),(503,1655350200,1655350200,0,25,1,'Thu Jun 16 11:30:00 CST 2022\n'),(504,1655350200,1655350200,0,26,1,'go\nmysql.conf\nservers\nweb\n'),(506,1655350260,1655350260,0,26,1,'go\nmysql.conf\nservers\nweb\n'),(507,1655350260,1655350260,0,25,1,'Thu Jun 16 11:31:00 CST 2022\n'),(509,1655350320,1655350320,0,26,1,'go\nmysql.conf\nservers\nweb\n'),(510,1655350320,1655350320,0,25,1,'Thu Jun 16 11:32:00 CST 2022\n'),(512,1655350380,1655350380,0,26,1,'go\nmysql.conf\nservers\nweb\n'),(513,1655350380,1655350380,0,25,1,'Thu Jun 16 11:33:00 CST 2022\n'),(515,1655350440,1655350440,0,26,1,'go\nmysql.conf\nservers\nweb\n'),(516,1655350440,1655350440,0,25,1,'Thu Jun 16 11:34:00 CST 2022\n'),(518,1655350500,1655350500,0,26,1,'go\nmysql.conf\nservers\nweb\n'),(519,1655350500,1655350500,0,25,1,'Thu Jun 16 11:35:00 CST 2022\n'),(521,1655350560,1655350560,0,26,1,'go\nmysql.conf\nservers\nweb\n'),(522,1655350560,1655350560,0,25,1,'Thu Jun 16 11:36:00 CST 2022\n'),(524,1655350620,1655350620,0,25,1,'Thu Jun 16 11:37:00 CST 2022\n'),(525,1655350620,1655350620,0,26,1,'go\nmysql.conf\nservers\nweb\n'),(527,1655350680,1655350680,0,26,1,'go\nmysql.conf\nservers\nweb\n'),(528,1655350680,1655350680,0,25,1,'Thu Jun 16 11:38:00 CST 2022\n'),(530,1655350740,1655350740,0,26,1,'go\nmysql.conf\nservers\nweb\n'),(531,1655350740,1655350740,0,25,1,'Thu Jun 16 11:39:00 CST 2022\n'),(533,1655350800,1655350800,0,26,1,'go\nmysql.conf\nservers\nweb\n'),(534,1655350800,1655350800,0,25,1,'Thu Jun 16 11:40:00 CST 2022\n'),(536,1655350860,1655350860,0,25,1,'Thu Jun 16 11:41:00 CST 2022\n'),(537,1655350860,1655350860,0,26,1,'go\nmysql.conf\nservers\nweb\n'),(539,1655350920,1655350920,0,25,1,'Thu Jun 16 11:42:00 CST 2022\n'),(540,1655350920,1655350920,0,26,1,'go\nmysql.conf\nservers\nweb\n'),(542,1655350980,1655350980,0,25,1,'Thu Jun 16 11:43:00 CST 2022\n'),(543,1655350980,1655350980,0,26,1,'go\nmysql.conf\nservers\nweb\n'),(545,1655351040,1655351040,0,26,1,'go\nmysql.conf\nservers\nweb\n'),(546,1655351040,1655351040,0,25,1,'Thu Jun 16 11:44:00 CST 2022\n'),(548,1655351100,1655351100,0,26,1,'go\nmysql.conf\nservers\nweb\n'),(549,1655351100,1655351100,0,25,1,'Thu Jun 16 11:45:00 CST 2022\n'),(551,1655351160,1655351160,0,25,1,'Thu Jun 16 11:46:00 CST 2022\n'),(552,1655351160,1655351160,0,26,1,'go\nmysql.conf\nservers\nweb\n'),(554,1655351220,1655351220,0,26,1,'go\nmysql.conf\nservers\nweb\n'),(555,1655351220,1655351220,0,25,1,'Thu Jun 16 11:47:00 CST 2022\n'),(557,1655351280,1655351280,0,25,1,'Thu Jun 16 11:48:00 CST 2022\n'),(558,1655351280,1655351280,0,26,1,'go\nmysql.conf\nservers\nweb\n'),(560,1655351340,1655351340,0,25,1,'Thu Jun 16 11:49:00 CST 2022\n'),(561,1655351340,1655351340,0,26,1,'go\nmysql.conf\nservers\nweb\n'),(563,1655351400,1655351400,0,25,1,'Thu Jun 16 11:50:00 CST 2022\n'),(564,1655351400,1655351400,0,26,1,'go\nmysql.conf\nservers\nweb\n'),(566,1655351460,1655351460,0,26,1,'go\nmysql.conf\nservers\nweb\n'),(567,1655351460,1655351460,0,25,1,'Thu Jun 16 11:51:00 CST 2022\n'),(569,1655351520,1655351520,0,26,1,'go\nmysql.conf\nservers\nweb\n'),(570,1655351520,1655351520,0,25,1,'Thu Jun 16 11:52:00 CST 2022\n'),(572,1655351580,1655351580,0,26,1,'go\nmysql.conf\nservers\nweb\n'),(573,1655351580,1655351580,0,25,1,'Thu Jun 16 11:53:00 CST 2022\n'),(575,1655351640,1655351640,0,25,1,'Thu Jun 16 11:54:00 CST 2022\n'),(576,1655351640,1655351640,0,26,1,'go\nmysql.conf\nservers\nweb\n'),(578,1655351700,1655351700,0,26,1,'go\nmysql.conf\nservers\nweb\n'),(579,1655351700,1655351700,0,25,1,'Thu Jun 16 11:55:00 CST 2022\n'),(581,1655351760,1655351760,0,26,1,'go\nmysql.conf\nservers\nweb\n'),(582,1655351760,1655351760,0,25,1,'Thu Jun 16 11:56:00 CST 2022\n'),(584,1655351820,1655351820,0,25,1,'Thu Jun 16 11:57:00 CST 2022\n'),(585,1655351820,1655351820,0,26,1,'go\nmysql.conf\nservers\nweb\n'),(587,1655351880,1655351880,0,25,1,'Thu Jun 16 11:58:00 CST 2022\n'),(588,1655351880,1655351880,0,26,1,'go\nmysql.conf\nservers\nweb\n'),(590,1655351940,1655351940,0,26,1,'go\nmysql.conf\nservers\nweb\n'),(591,1655351940,1655351940,0,25,1,'Thu Jun 16 11:59:00 CST 2022\n'),(593,1655352000,1655352000,0,26,1,'go\nmysql.conf\nservers\nweb\n'),(594,1655352000,1655352000,0,25,1,'Thu Jun 16 12:00:00 CST 2022\n'),(596,1655352060,1655352060,0,26,1,'go\nmysql.conf\nservers\nweb\n'),(597,1655352060,1655352060,0,25,1,'Thu Jun 16 12:01:00 CST 2022\n'),(599,1655352120,1655352120,0,25,1,'Thu Jun 16 12:02:00 CST 2022\n'),(600,1655352120,1655352120,0,26,1,'go\nmysql.conf\nservers\nweb\n'),(602,1655352180,1655352180,0,25,1,'Thu Jun 16 12:03:00 CST 2022\n'),(603,1655352180,1655352180,0,26,1,'go\nmysql.conf\nservers\nweb\n'),(605,1655352240,1655352240,0,26,1,'go\nmysql.conf\nservers\nweb\n'),(606,1655352240,1655352240,0,25,1,'Thu Jun 16 12:04:00 CST 2022\n'),(608,1655352300,1655352300,0,25,1,'Thu Jun 16 12:05:00 CST 2022\n'),(609,1655352300,1655352300,0,26,1,'go\nmysql.conf\nservers\nweb\n'),(611,1655352360,1655352360,0,25,1,'Thu Jun 16 12:06:00 CST 2022\n'),(612,1655352360,1655352360,0,26,1,'go\nmysql.conf\nservers\nweb\n'),(614,1655352420,1655352420,0,25,1,'Thu Jun 16 12:07:00 CST 2022\n'),(615,1655352420,1655352420,0,26,1,'go\nmysql.conf\nservers\nweb\n'),(617,1655352480,1655352480,0,25,1,'Thu Jun 16 12:08:00 CST 2022\n'),(618,1655352480,1655352480,0,26,1,'go\nmysql.conf\nservers\nweb\n'),(620,1655352540,1655352540,0,25,1,'Thu Jun 16 12:09:00 CST 2022\n'),(621,1655352540,1655352540,0,26,1,'go\nmysql.conf\nservers\nweb\n'),(623,1655352600,1655352600,0,25,1,'Thu Jun 16 12:10:00 CST 2022\n'),(624,1655352600,1655352600,0,26,1,'go\nmysql.conf\nservers\nweb\n'),(626,1655352660,1655352660,0,25,1,'Thu Jun 16 12:11:00 CST 2022\n'),(627,1655352660,1655352660,0,26,1,'go\nmysql.conf\nservers\nweb\n'),(629,1655352720,1655352720,0,26,1,'go\nmysql.conf\nservers\nweb\n'),(630,1655352720,1655352720,0,25,1,'Thu Jun 16 12:12:00 CST 2022\n'),(632,1655352780,1655352780,0,26,1,'go\nmysql.conf\nservers\nweb\n'),(633,1655352780,1655352780,0,25,1,'Thu Jun 16 12:13:00 CST 2022\n'),(635,1655352840,1655352840,0,26,1,'go\nmysql.conf\nservers\nweb\n'),(636,1655352840,1655352840,0,25,1,'Thu Jun 16 12:14:00 CST 2022\n'),(638,1655352900,1655352900,0,25,1,'Thu Jun 16 12:15:00 CST 2022\n'),(639,1655352900,1655352900,0,26,1,'go\nmysql.conf\nservers\nweb\n'),(641,1655352960,1655352960,0,25,1,'Thu Jun 16 12:16:00 CST 2022\n'),(642,1655352960,1655352960,0,26,1,'go\nmysql.conf\nservers\nweb\n'),(644,1655353020,1655353020,0,25,1,'Thu Jun 16 12:17:00 CST 2022\n'),(645,1655353020,1655353020,0,26,1,'go\nmysql.conf\nservers\nweb\n'),(647,1655353080,1655353080,0,25,1,'Thu Jun 16 12:18:00 CST 2022\n'),(648,1655353080,1655353080,0,26,1,'go\nmysql.conf\nservers\nweb\n'),(650,1655353140,1655353140,0,25,1,'Thu Jun 16 12:19:00 CST 2022\n'),(651,1655353140,1655353140,0,26,1,'go\nmysql.conf\nservers\nweb\n'),(653,1655353200,1655353200,0,25,1,'Thu Jun 16 12:20:00 CST 2022\n'),(654,1655353200,1655353200,0,26,1,'go\nmysql.conf\nservers\nweb\n'),(656,1655353260,1655353260,0,25,1,'Thu Jun 16 12:21:00 CST 2022\n'),(657,1655353260,1655353260,0,26,1,'go\nmysql.conf\nservers\nweb\n'),(659,1655353320,1655353320,0,25,1,'Thu Jun 16 12:22:00 CST 2022\n'),(660,1655353320,1655353320,0,26,1,'go\nmysql.conf\nservers\nweb\n'),(662,1655353380,1655353380,0,26,1,'go\nmysql.conf\nservers\nweb\n'),(663,1655353380,1655353380,0,25,1,'Thu Jun 16 12:23:00 CST 2022\n'),(665,1655353440,1655353440,0,25,1,'Thu Jun 16 12:24:00 CST 2022\n'),(666,1655353440,1655353440,0,26,1,'go\nmysql.conf\nservers\nweb\n'),(668,1655353500,1655353500,0,26,1,'go\nmysql.conf\nservers\nweb\n'),(669,1655353500,1655353500,0,25,1,'Thu Jun 16 12:25:00 CST 2022\n'),(671,1655353560,1655353560,0,26,1,'go\nmysql.conf\nservers\nweb\n'),(672,1655353560,1655353560,0,25,1,'Thu Jun 16 12:26:00 CST 2022\n'),(674,1655353620,1655353620,0,25,1,'Thu Jun 16 12:27:00 CST 2022\n'),(675,1655353620,1655353620,0,26,1,'go\nmysql.conf\nservers\nweb\n'),(677,1655353680,1655353680,0,26,1,'go\nmysql.conf\nservers\nweb\n'),(678,1655353680,1655353680,0,25,1,'Thu Jun 16 12:28:00 CST 2022\n'),(680,1655353740,1655353740,0,25,1,'Thu Jun 16 12:29:00 CST 2022\n'),(681,1655353740,1655353740,0,26,1,'go\nmysql.conf\nservers\nweb\n'),(683,1655353800,1655353800,0,26,1,'go\nmysql.conf\nservers\nweb\n'),(684,1655353800,1655353800,0,25,1,'Thu Jun 16 12:30:00 CST 2022\n'),(686,1655353860,1655353860,0,25,1,'Thu Jun 16 12:31:00 CST 2022\n'),(687,1655353860,1655353860,0,26,1,'go\nmysql.conf\nservers\nweb\n'),(689,1655353920,1655353920,0,25,1,'Thu Jun 16 12:32:00 CST 2022\n'),(690,1655353920,1655353920,0,26,1,'go\nmysql.conf\nservers\nweb\n'),(692,1655353980,1655353980,0,25,1,'Thu Jun 16 12:33:00 CST 2022\n'),(693,1655353980,1655353980,0,26,1,'go\nmysql.conf\nservers\nweb\n'),(695,1655354040,1655354040,0,26,1,'go\nmysql.conf\nservers\nweb\n'),(696,1655354040,1655354040,0,25,1,'Thu Jun 16 12:34:00 CST 2022\n'),(698,1655354100,1655354100,0,25,1,'Thu Jun 16 12:35:00 CST 2022\n'),(699,1655354100,1655354100,0,26,1,'go\nmysql.conf\nservers\nweb\n'),(701,1655354160,1655354160,0,25,1,'Thu Jun 16 12:36:00 CST 2022\n'),(702,1655354160,1655354160,0,26,1,'go\nmysql.conf\nservers\nweb\n'),(704,1655354220,1655354220,0,25,1,'Thu Jun 16 12:37:00 CST 2022\n'),(705,1655354220,1655354220,0,26,1,'go\nmysql.conf\nservers\nweb\n'),(707,1655354280,1655354280,0,26,1,'go\nmysql.conf\nservers\nweb\n'),(708,1655354280,1655354280,0,25,1,'Thu Jun 16 12:38:00 CST 2022\n'),(710,1655354341,1655354341,0,25,1,'Thu Jun 16 12:39:01 CST 2022\n'),(711,1655354341,1655354341,0,26,1,'go\nmysql.conf\nservers\nweb\n'),(734,1655355688,1655355688,0,25,0,'创建连接失败:ssh: handshake failed: read tcp 192.168.10.58:52275->47.107.84.17:22: read: connection reset by peer'),(740,1655356012,1655356012,0,26,0,'创建连接失败:ssh: handshake failed: read tcp 192.168.10.58:52335->47.107.84.17:22: read: connection reset by peer'),(750,1655356533,1655356533,0,26,0,'创建连接失败:ssh: handshake failed: read tcp 192.168.10.58:52454->47.107.84.17:22: read: connection reset by peer'),(752,1655356562,1655356562,0,25,0,'创建连接失败:ssh: handshake failed: read tcp 192.168.10.58:52538->47.107.84.17:22: read: connection reset by peer'),(764,1655357235,1655357235,0,25,0,'创建连接失败:ssh: handshake failed: read tcp 192.168.10.58:52655->47.107.84.17:22: read: connection reset by peer'),(776,1655357910,1655357910,0,26,0,'创建连接失败:ssh: handshake failed: read tcp 192.168.10.58:52715->47.107.84.17:22: read: connection reset by peer'),(1020,1655446800,1655446800,0,30,1,'{\"code\":100000,\"req_id\":1537681445525393408,\"data\":{\"build_time\":\"2022-06-17 14:12:19\",\"git\":\"5ab0733aaa96ef3fb5fe672912eef3e2fb9e115d (HEAD -\\u003e main, origin/main) fix: 1.fix permission 2.fix file delete router\",\"ip\":[\"192.168.2.1\",\"172.16.234.1\",\"172.16.202.1\",\"192.168.10.58\",\"192.168.3.1\",\"20.20.97.216\"]},\"msg\":\"ok\"}'),(1021,1655446860,1655446860,0,30,1,'{\"code\":100000,\"req_id\":1537681697183633408,\"data\":{\"build_time\":\"2022-06-17 14:12:19\",\"git\":\"5ab0733aaa96ef3fb5fe672912eef3e2fb9e115d (HEAD -\\u003e main, origin/main) fix: 1.fix permission 2.fix file delete router\",\"ip\":[\"192.168.2.1\",\"172.16.234.1\",\"172.16.202.1\",\"192.168.10.58\",\"192.168.3.1\",\"20.20.97.216\"]},\"msg\":\"ok\"}'),(1022,1655446920,1655446920,0,30,1,'{\"code\":100000,\"req_id\":1537681948799930368,\"data\":{\"build_time\":\"2022-06-17 14:12:19\",\"git\":\"5ab0733aaa96ef3fb5fe672912eef3e2fb9e115d (HEAD -\\u003e main, origin/main) fix: 1.fix permission 2.fix file delete router\",\"ip\":[\"192.168.2.1\",\"172.16.234.1\",\"172.16.202.1\",\"192.168.10.58\",\"192.168.3.1\",\"20.20.97.216\"]},\"msg\":\"ok\"}'),(1023,1655446980,1655446980,0,30,1,'{\"code\":100000,\"req_id\":1537682200458170368,\"data\":{\"build_time\":\"2022-06-17 14:12:19\",\"git\":\"5ab0733aaa96ef3fb5fe672912eef3e2fb9e115d (HEAD -\\u003e main, origin/main) fix: 1.fix permission 2.fix file delete router\",\"ip\":[\"192.168.2.1\",\"172.16.234.1\",\"172.16.202.1\",\"192.168.10.58\",\"192.168.3.1\",\"20.20.97.216\"]},\"msg\":\"ok\"}'),(1024,1655447040,1655447040,0,30,1,'{\"code\":100000,\"req_id\":1537682452057690112,\"data\":{\"build_time\":\"2022-06-17 14:12:19\",\"git\":\"5ab0733aaa96ef3fb5fe672912eef3e2fb9e115d (HEAD -\\u003e main, origin/main) fix: 1.fix permission 2.fix file delete router\",\"ip\":[\"192.168.2.1\",\"172.16.234.1\",\"172.16.202.1\",\"192.168.10.58\",\"192.168.3.1\",\"20.20.97.216\"]},\"msg\":\"ok\"}'),(1025,1655447100,1655447100,0,30,1,'{\"code\":100000,\"req_id\":1537682703808204800,\"data\":{\"build_time\":\"2022-06-17 14:12:19\",\"git\":\"5ab0733aaa96ef3fb5fe672912eef3e2fb9e115d (HEAD -\\u003e main, origin/main) fix: 1.fix permission 2.fix file delete router\",\"ip\":[\"192.168.2.1\",\"172.16.234.1\",\"172.16.202.1\",\"192.168.10.58\",\"192.168.3.1\",\"20.20.97.216\"]},\"msg\":\"ok\"}'),(1026,1655447160,1655447160,0,30,1,'{\"code\":100000,\"req_id\":1537682955428696064,\"data\":{\"build_time\":\"2022-06-17 14:12:19\",\"git\":\"5ab0733aaa96ef3fb5fe672912eef3e2fb9e115d (HEAD -\\u003e main, origin/main) fix: 1.fix permission 2.fix file delete router\",\"ip\":[\"192.168.2.1\",\"172.16.234.1\",\"172.16.202.1\",\"192.168.10.58\",\"192.168.3.1\",\"20.20.97.216\"]},\"msg\":\"ok\"}'),(1027,1655447220,1655447220,0,30,1,'{\"code\":100000,\"req_id\":1537683207082741760,\"data\":{\"build_time\":\"2022-06-17 14:12:19\",\"git\":\"5ab0733aaa96ef3fb5fe672912eef3e2fb9e115d (HEAD -\\u003e main, origin/main) fix: 1.fix permission 2.fix file delete router\",\"ip\":[\"192.168.2.1\",\"172.16.234.1\",\"172.16.202.1\",\"192.168.10.58\",\"192.168.3.1\",\"20.20.97.216\"]},\"msg\":\"ok\"}'),(1028,1655447280,1655447280,0,30,1,'{\"code\":100000,\"req_id\":1537683458736787456,\"data\":{\"build_time\":\"2022-06-17 14:12:19\",\"git\":\"5ab0733aaa96ef3fb5fe672912eef3e2fb9e115d (HEAD -\\u003e main, origin/main) fix: 1.fix permission 2.fix file delete router\",\"ip\":[\"192.168.2.1\",\"172.16.234.1\",\"172.16.202.1\",\"192.168.10.58\",\"192.168.3.1\",\"20.20.97.216\"]},\"msg\":\"ok\"}'),(1029,1655447340,1655447340,0,30,1,'{\"code\":100000,\"req_id\":1537683710294364160,\"data\":{\"build_time\":\"2022-06-17 14:12:19\",\"git\":\"5ab0733aaa96ef3fb5fe672912eef3e2fb9e115d (HEAD -\\u003e main, origin/main) fix: 1.fix permission 2.fix file delete router\",\"ip\":[\"192.168.2.1\",\"172.16.234.1\",\"172.16.202.1\",\"192.168.10.58\",\"192.168.3.1\",\"20.20.97.216\"]},\"msg\":\"ok\"}'),(1030,1655447400,1655447400,0,30,1,'{\"code\":100000,\"req_id\":1537683962002935808,\"data\":{\"build_time\":\"2022-06-17 14:12:19\",\"git\":\"5ab0733aaa96ef3fb5fe672912eef3e2fb9e115d (HEAD -\\u003e main, origin/main) fix: 1.fix permission 2.fix file delete router\",\"ip\":[\"192.168.2.1\",\"172.16.234.1\",\"172.16.202.1\",\"192.168.10.58\",\"192.168.3.1\",\"20.20.97.216\"]},\"msg\":\"ok\"}'),(1031,1655447460,1655447460,0,30,1,'{\"code\":100000,\"req_id\":1537684213606649856,\"data\":{\"build_time\":\"2022-06-17 14:12:19\",\"git\":\"5ab0733aaa96ef3fb5fe672912eef3e2fb9e115d (HEAD -\\u003e main, origin/main) fix: 1.fix permission 2.fix file delete router\",\"ip\":[\"192.168.2.1\",\"172.16.234.1\",\"172.16.202.1\",\"192.168.10.58\",\"192.168.3.1\",\"20.20.97.216\"]},\"msg\":\"ok\"}'),(1032,1655447520,1655447520,0,30,1,'{\"code\":100000,\"req_id\":1537684465290055680,\"data\":{\"build_time\":\"2022-06-17 14:12:19\",\"git\":\"5ab0733aaa96ef3fb5fe672912eef3e2fb9e115d (HEAD -\\u003e main, origin/main) fix: 1.fix permission 2.fix file delete router\",\"ip\":[\"192.168.2.1\",\"172.16.234.1\",\"172.16.202.1\",\"192.168.10.58\",\"192.168.3.1\",\"20.20.97.216\"]},\"msg\":\"ok\"}'),(1033,1655447580,1655447580,0,30,1,'{\"code\":100000,\"req_id\":1537684716948295680,\"data\":{\"build_time\":\"2022-06-17 14:12:19\",\"git\":\"5ab0733aaa96ef3fb5fe672912eef3e2fb9e115d (HEAD -\\u003e main, origin/main) fix: 1.fix permission 2.fix file delete router\",\"ip\":[\"192.168.2.1\",\"172.16.234.1\",\"172.16.202.1\",\"192.168.10.58\",\"192.168.3.1\",\"20.20.97.216\"]},\"msg\":\"ok\"}'),(1034,1655447640,1655447640,0,30,1,'{\"code\":100000,\"req_id\":1537684968669450240,\"data\":{\"build_time\":\"2022-06-17 14:12:19\",\"git\":\"5ab0733aaa96ef3fb5fe672912eef3e2fb9e115d (HEAD -\\u003e main, origin/main) fix: 1.fix permission 2.fix file delete router\",\"ip\":[\"192.168.2.1\",\"172.16.234.1\",\"172.16.202.1\",\"192.168.10.58\",\"192.168.3.1\",\"20.20.97.216\"]},\"msg\":\"ok\"}'),(1035,1655447700,1655447700,0,30,1,'{\"code\":100000,\"req_id\":1537685220256387072,\"data\":{\"build_time\":\"2022-06-17 14:12:19\",\"git\":\"5ab0733aaa96ef3fb5fe672912eef3e2fb9e115d (HEAD -\\u003e main, origin/main) fix: 1.fix permission 2.fix file delete router\",\"ip\":[\"192.168.2.1\",\"172.16.234.1\",\"172.16.202.1\",\"192.168.10.58\",\"192.168.3.1\",\"20.20.97.216\"]},\"msg\":\"ok\"}'),(1036,1655447760,1655447760,0,30,1,'{\"code\":100000,\"req_id\":1537685471906238464,\"data\":{\"build_time\":\"2022-06-17 14:12:19\",\"git\":\"5ab0733aaa96ef3fb5fe672912eef3e2fb9e115d (HEAD -\\u003e main, origin/main) fix: 1.fix permission 2.fix file delete router\",\"ip\":[\"192.168.2.1\",\"172.16.234.1\",\"172.16.202.1\",\"192.168.10.58\",\"192.168.3.1\",\"20.20.97.216\"]},\"msg\":\"ok\"}'),(1037,1655447820,1655447820,0,30,1,'{\"code\":100000,\"req_id\":1537685723556089856,\"data\":{\"build_time\":\"2022-06-17 14:12:19\",\"git\":\"5ab0733aaa96ef3fb5fe672912eef3e2fb9e115d (HEAD -\\u003e main, origin/main) fix: 1.fix permission 2.fix file delete router\",\"ip\":[\"192.168.2.1\",\"172.16.234.1\",\"172.16.202.1\",\"192.168.10.58\",\"192.168.3.1\",\"20.20.97.216\"]},\"msg\":\"ok\"}'),(1038,1655447880,1655447880,0,30,1,'{\"code\":100000,\"req_id\":1537685975738617856,\"data\":{\"build_time\":\"2022-06-17 14:12:19\",\"git\":\"5ab0733aaa96ef3fb5fe672912eef3e2fb9e115d (HEAD -\\u003e main, origin/main) fix: 1.fix permission 2.fix file delete router\",\"ip\":[\"192.168.2.1\",\"172.16.234.1\",\"172.16.202.1\",\"192.168.10.58\",\"192.168.3.1\",\"20.20.97.216\"]},\"msg\":\"ok\"}'),(1039,1655447940,1655447940,0,30,1,'{\"code\":100000,\"req_id\":1537686227430412288,\"data\":{\"build_time\":\"2022-06-17 14:12:19\",\"git\":\"5ab0733aaa96ef3fb5fe672912eef3e2fb9e115d (HEAD -\\u003e main, origin/main) fix: 1.fix permission 2.fix file delete router\",\"ip\":[\"192.168.2.1\",\"172.16.234.1\",\"172.16.202.1\",\"192.168.10.58\",\"192.168.3.1\",\"20.20.97.216\"]},\"msg\":\"ok\"}'),(1040,1655448000,1655448000,0,30,1,'{\"code\":100000,\"req_id\":1537686479151566848,\"data\":{\"build_time\":\"2022-06-17 14:12:19\",\"git\":\"5ab0733aaa96ef3fb5fe672912eef3e2fb9e115d (HEAD -\\u003e main, origin/main) fix: 1.fix permission 2.fix file delete router\",\"ip\":[\"192.168.2.1\",\"172.16.234.1\",\"172.16.202.1\",\"192.168.10.58\",\"192.168.3.1\",\"20.20.97.216\"]},\"msg\":\"ok\"}'),(1041,1655448060,1655448060,0,30,1,'{\"code\":100000,\"req_id\":1537686730784641024,\"data\":{\"build_time\":\"2022-06-17 14:12:19\",\"git\":\"5ab0733aaa96ef3fb5fe672912eef3e2fb9e115d (HEAD -\\u003e main, origin/main) fix: 1.fix permission 2.fix file delete router\",\"ip\":[\"192.168.2.1\",\"172.16.234.1\",\"172.16.202.1\",\"192.168.10.58\",\"192.168.3.1\",\"20.20.97.216\"]},\"msg\":\"ok\"}'),(1042,1655448120,1655448120,0,30,1,'{\"code\":100000,\"req_id\":1537686982434492416,\"data\":{\"build_time\":\"2022-06-17 14:12:19\",\"git\":\"5ab0733aaa96ef3fb5fe672912eef3e2fb9e115d (HEAD -\\u003e main, origin/main) fix: 1.fix permission 2.fix file delete router\",\"ip\":[\"192.168.2.1\",\"172.16.234.1\",\"172.16.202.1\",\"192.168.10.58\",\"192.168.3.1\",\"20.20.97.216\"]},\"msg\":\"ok\"}'),(1043,1655448180,1655448180,0,30,1,'{\"code\":100000,\"req_id\":1537687234084343808,\"data\":{\"build_time\":\"2022-06-17 14:12:19\",\"git\":\"5ab0733aaa96ef3fb5fe672912eef3e2fb9e115d (HEAD -\\u003e main, origin/main) fix: 1.fix permission 2.fix file delete router\",\"ip\":[\"192.168.2.1\",\"172.16.234.1\",\"172.16.202.1\",\"192.168.10.58\",\"192.168.3.1\",\"20.20.97.216\"]},\"msg\":\"ok\"}'),(1044,1655448240,1655448240,0,30,1,'{\"code\":100000,\"req_id\":1537687485688057856,\"data\":{\"build_time\":\"2022-06-17 14:12:19\",\"git\":\"5ab0733aaa96ef3fb5fe672912eef3e2fb9e115d (HEAD -\\u003e main, origin/main) fix: 1.fix permission 2.fix file delete router\",\"ip\":[\"192.168.2.1\",\"172.16.234.1\",\"172.16.202.1\",\"192.168.10.58\",\"192.168.3.1\",\"20.20.97.216\"]},\"msg\":\"ok\"}'),(1045,1655448300,1655448300,0,30,1,'{\"code\":100000,\"req_id\":1537687737392435200,\"data\":{\"build_time\":\"2022-06-17 14:12:19\",\"git\":\"5ab0733aaa96ef3fb5fe672912eef3e2fb9e115d (HEAD -\\u003e main, origin/main) fix: 1.fix permission 2.fix file delete router\",\"ip\":[\"192.168.2.1\",\"172.16.234.1\",\"172.16.202.1\",\"192.168.10.58\",\"192.168.3.1\",\"20.20.97.216\"]},\"msg\":\"ok\"}'),(1046,1655448360,1655448360,0,30,1,'{\"code\":100000,\"req_id\":1537687989059063808,\"data\":{\"build_time\":\"2022-06-17 14:12:19\",\"git\":\"5ab0733aaa96ef3fb5fe672912eef3e2fb9e115d (HEAD -\\u003e main, origin/main) fix: 1.fix permission 2.fix file delete router\",\"ip\":[\"192.168.2.1\",\"172.16.234.1\",\"172.16.202.1\",\"192.168.10.58\",\"192.168.3.1\",\"20.20.97.216\"]},\"msg\":\"ok\"}'),(1047,1655448420,1655448420,0,30,1,'{\"code\":100000,\"req_id\":1537688240704720896,\"data\":{\"build_time\":\"2022-06-17 14:12:19\",\"git\":\"5ab0733aaa96ef3fb5fe672912eef3e2fb9e115d (HEAD -\\u003e main, origin/main) fix: 1.fix permission 2.fix file delete router\",\"ip\":[\"192.168.2.1\",\"172.16.234.1\",\"172.16.202.1\",\"192.168.10.58\",\"192.168.3.1\",\"20.20.97.216\"]},\"msg\":\"ok\"}'),(1048,1655448480,1655448480,0,30,1,'{\"code\":100000,\"req_id\":1537688492488790016,\"data\":{\"build_time\":\"2022-06-17 14:12:19\",\"git\":\"5ab0733aaa96ef3fb5fe672912eef3e2fb9e115d (HEAD -\\u003e main, origin/main) fix: 1.fix permission 2.fix file delete router\",\"ip\":[\"192.168.2.1\",\"172.16.234.1\",\"172.16.202.1\",\"192.168.10.58\",\"192.168.3.1\",\"20.20.97.216\"]},\"msg\":\"ok\"}'),(1049,1655448540,1655448540,0,30,1,'{\"code\":100000,\"req_id\":1537688744037978112,\"data\":{\"build_time\":\"2022-06-17 14:12:19\",\"git\":\"5ab0733aaa96ef3fb5fe672912eef3e2fb9e115d (HEAD -\\u003e main, origin/main) fix: 1.fix permission 2.fix file delete router\",\"ip\":[\"192.168.2.1\",\"172.16.234.1\",\"172.16.202.1\",\"192.168.10.58\",\"192.168.3.1\",\"20.20.97.216\"]},\"msg\":\"ok\"}'),(1050,1655448600,1655448600,0,30,1,'{\"code\":100000,\"req_id\":1537688995725578240,\"data\":{\"build_time\":\"2022-06-17 14:12:19\",\"git\":\"5ab0733aaa96ef3fb5fe672912eef3e2fb9e115d (HEAD -\\u003e main, origin/main) fix: 1.fix permission 2.fix file delete router\",\"ip\":[\"192.168.2.1\",\"172.16.234.1\",\"172.16.202.1\",\"192.168.10.58\",\"192.168.3.1\",\"20.20.97.216\"]},\"msg\":\"ok\"}'),(1051,1655448660,1655448660,0,30,1,'{\"code\":100000,\"req_id\":1537689247379623936,\"data\":{\"build_time\":\"2022-06-17 14:12:19\",\"git\":\"5ab0733aaa96ef3fb5fe672912eef3e2fb9e115d (HEAD -\\u003e main, origin/main) fix: 1.fix permission 2.fix file delete router\",\"ip\":[\"192.168.2.1\",\"172.16.234.1\",\"172.16.202.1\",\"192.168.10.58\",\"192.168.3.1\",\"20.20.97.216\"]},\"msg\":\"ok\"}'),(1052,1655448720,1655448720,0,30,1,'{\"code\":100000,\"req_id\":1537689499033669632,\"data\":{\"build_time\":\"2022-06-17 14:12:19\",\"git\":\"5ab0733aaa96ef3fb5fe672912eef3e2fb9e115d (HEAD -\\u003e main, origin/main) fix: 1.fix permission 2.fix file delete router\",\"ip\":[\"192.168.2.1\",\"172.16.234.1\",\"172.16.202.1\",\"192.168.10.58\",\"192.168.3.1\",\"20.20.97.216\"]},\"msg\":\"ok\"}'),(1053,1656690660,1656690660,0,30,1,'{\"code\":100000,\"req_id\":1542898572477861888,\"data\":{\"build_time\":\"2022-07-01 23:50:21\",\"git\":\"e3fa80061d08b08e7944864a93df3ca43a22f23c (HEAD -\\u003e main, origin/main) feat: 1.add task 2.add host\",\"ip\":[\"192.168.0.103\"]},\"msg\":\"ok\"}'),(1054,1656690720,1656690720,0,30,1,'{\"code\":100000,\"req_id\":1542898824161267712,\"data\":{\"build_time\":\"2022-07-01 23:50:21\",\"git\":\"e3fa80061d08b08e7944864a93df3ca43a22f23c (HEAD -\\u003e main, origin/main) feat: 1.add task 2.add host\",\"ip\":[\"192.168.0.103\"]},\"msg\":\"ok\"}'),(1055,1656690780,1656690780,0,30,1,'{\"code\":100000,\"req_id\":1542899075798536192,\"data\":{\"build_time\":\"2022-07-01 23:50:21\",\"git\":\"e3fa80061d08b08e7944864a93df3ca43a22f23c (HEAD -\\u003e main, origin/main) feat: 1.add task 2.add host\",\"ip\":[\"192.168.0.103\"]},\"msg\":\"ok\"}'),(1056,1656690840,1656690840,0,30,1,'{\"code\":100000,\"req_id\":1542899327448387584,\"data\":{\"build_time\":\"2022-07-01 23:50:21\",\"git\":\"e3fa80061d08b08e7944864a93df3ca43a22f23c (HEAD -\\u003e main, origin/main) feat: 1.add task 2.add host\",\"ip\":[\"192.168.0.103\"]},\"msg\":\"ok\"}'),(1057,1656690900,1656690900,0,30,1,'{\"code\":100000,\"req_id\":1542899579127599104,\"data\":{\"build_time\":\"2022-07-01 23:50:21\",\"git\":\"e3fa80061d08b08e7944864a93df3ca43a22f23c (HEAD -\\u003e main, origin/main) feat: 1.add task 2.add host\",\"ip\":[\"192.168.0.103\"]},\"msg\":\"ok\"}'),(1058,1656690960,1656690960,0,30,1,'{\"code\":100000,\"req_id\":1542899830680981504,\"data\":{\"build_time\":\"2022-07-01 23:50:21\",\"git\":\"e3fa80061d08b08e7944864a93df3ca43a22f23c (HEAD -\\u003e main, origin/main) feat: 1.add task 2.add host\",\"ip\":[\"192.168.0.103\"]},\"msg\":\"ok\"}'),(1059,1656691020,1656691020,0,30,1,'{\"code\":100000,\"req_id\":1542900082335027200,\"data\":{\"build_time\":\"2022-07-01 23:50:21\",\"git\":\"e3fa80061d08b08e7944864a93df3ca43a22f23c (HEAD -\\u003e main, origin/main) feat: 1.add task 2.add host\",\"ip\":[\"192.168.0.103\"]},\"msg\":\"ok\"}'),(1060,1656691080,1656691080,0,30,1,'{\"code\":100000,\"req_id\":1542900333972295680,\"data\":{\"build_time\":\"2022-07-01 23:50:21\",\"git\":\"e3fa80061d08b08e7944864a93df3ca43a22f23c (HEAD -\\u003e main, origin/main) feat: 1.add task 2.add host\",\"ip\":[\"192.168.0.103\"]},\"msg\":\"ok\"}'),(1061,1656691140,1656691140,0,30,1,'{\"code\":100000,\"req_id\":1542900585634729984,\"data\":{\"build_time\":\"2022-07-01 23:50:21\",\"git\":\"e3fa80061d08b08e7944864a93df3ca43a22f23c (HEAD -\\u003e main, origin/main) feat: 1.add task 2.add host\",\"ip\":[\"192.168.0.103\"]},\"msg\":\"ok\"}'),(1062,1656691200,1656691200,0,30,1,'{\"code\":100000,\"req_id\":1542900837292969984,\"data\":{\"build_time\":\"2022-07-01 23:50:21\",\"git\":\"e3fa80061d08b08e7944864a93df3ca43a22f23c (HEAD -\\u003e main, origin/main) feat: 1.add task 2.add host\",\"ip\":[\"192.168.0.103\"]},\"msg\":\"ok\"}'),(1063,1657002240,1657002240,0,30,1,'{\"code\":100000,\"req_id\":1544205433885954048,\"data\":{\"build_time\":\"2022-07-05 14:23:31\",\"git\":\"e3fa80061d08b08e7944864a93df3ca43a22f23c (HEAD -\\u003e main, origin/main) feat: 1.add task 2.add host\",\"ip\":[\"192.168.2.1\",\"192.168.10.58\",\"192.168.3.1\",\"20.20.1.8\",\"172.16.234.1\",\"172.16.202.1\"]},\"msg\":\"ok\"}'),(1064,1657002300,1657002300,0,30,1,'{\"code\":100000,\"req_id\":1544205685430947840,\"data\":{\"build_time\":\"2022-07-05 14:23:31\",\"git\":\"e3fa80061d08b08e7944864a93df3ca43a22f23c (HEAD -\\u003e main, origin/main) feat: 1.add task 2.add host\",\"ip\":[\"192.168.2.1\",\"192.168.10.58\",\"192.168.3.1\",\"20.20.1.8\",\"172.16.234.1\",\"172.16.202.1\"]},\"msg\":\"ok\"}'),(1065,1657002360,1657002360,0,30,1,'{\"code\":100000,\"req_id\":1544205937089187840,\"data\":{\"build_time\":\"2022-07-05 14:23:31\",\"git\":\"e3fa80061d08b08e7944864a93df3ca43a22f23c (HEAD -\\u003e main, origin/main) feat: 1.add task 2.add host\",\"ip\":[\"192.168.2.1\",\"192.168.10.58\",\"192.168.3.1\",\"20.20.1.8\",\"172.16.234.1\",\"172.16.202.1\"]},\"msg\":\"ok\"}'),(1066,1657002420,1657002420,0,30,1,'{\"code\":100000,\"req_id\":1544206188709679104,\"data\":{\"build_time\":\"2022-07-05 14:23:31\",\"git\":\"e3fa80061d08b08e7944864a93df3ca43a22f23c (HEAD -\\u003e main, origin/main) feat: 1.add task 2.add host\",\"ip\":[\"192.168.2.1\",\"192.168.10.58\",\"192.168.3.1\",\"20.20.1.8\",\"172.16.234.1\",\"172.16.202.1\"]},\"msg\":\"ok\"}'),(1067,1657002480,1657002480,0,30,1,'{\"code\":100000,\"req_id\":1544206440409862144,\"data\":{\"build_time\":\"2022-07-05 14:23:31\",\"git\":\"e3fa80061d08b08e7944864a93df3ca43a22f23c (HEAD -\\u003e main, origin/main) feat: 1.add task 2.add host\",\"ip\":[\"192.168.2.1\",\"192.168.10.58\",\"192.168.3.1\",\"20.20.1.8\",\"172.16.234.1\",\"172.16.202.1\"]},\"msg\":\"ok\"}'),(1068,1657002540,1657002540,0,30,1,'{\"code\":100000,\"req_id\":1544206692076490752,\"data\":{\"build_time\":\"2022-07-05 14:23:31\",\"git\":\"e3fa80061d08b08e7944864a93df3ca43a22f23c (HEAD -\\u003e main, origin/main) feat: 1.add task 2.add host\",\"ip\":[\"192.168.2.1\",\"192.168.10.58\",\"192.168.3.1\",\"20.20.1.8\",\"172.16.234.1\",\"172.16.202.1\"]},\"msg\":\"ok\"}'),(1069,1657002600,1657002600,0,30,1,'{\"code\":100000,\"req_id\":1544206943759896576,\"data\":{\"build_time\":\"2022-07-05 14:23:31\",\"git\":\"e3fa80061d08b08e7944864a93df3ca43a22f23c (HEAD -\\u003e main, origin/main) feat: 1.add task 2.add host\",\"ip\":[\"192.168.2.1\",\"192.168.10.58\",\"192.168.3.1\",\"20.20.1.8\",\"172.16.234.1\",\"172.16.202.1\"]},\"msg\":\"ok\"}'),(1070,1657002660,1657002660,0,30,1,'{\"code\":100000,\"req_id\":1544207195405553664,\"data\":{\"build_time\":\"2022-07-05 14:23:31\",\"git\":\"e3fa80061d08b08e7944864a93df3ca43a22f23c (HEAD -\\u003e main, origin/main) feat: 1.add task 2.add host\",\"ip\":[\"192.168.2.1\",\"192.168.10.58\",\"192.168.3.1\",\"20.20.1.8\",\"172.16.234.1\",\"172.16.202.1\"]},\"msg\":\"ok\"}'),(1071,1657002720,1657002720,0,30,1,'{\"code\":100000,\"req_id\":1544207447067987968,\"data\":{\"build_time\":\"2022-07-05 14:23:31\",\"git\":\"e3fa80061d08b08e7944864a93df3ca43a22f23c (HEAD -\\u003e main, origin/main) feat: 1.add task 2.add host\",\"ip\":[\"192.168.2.1\",\"192.168.10.58\",\"192.168.3.1\",\"20.20.1.8\",\"172.16.234.1\",\"172.16.202.1\"]},\"msg\":\"ok\"}'),(1072,1657002780,1657002780,0,30,1,'{\"code\":100000,\"req_id\":1544207698722033664,\"data\":{\"build_time\":\"2022-07-05 14:23:31\",\"git\":\"e3fa80061d08b08e7944864a93df3ca43a22f23c (HEAD -\\u003e main, origin/main) feat: 1.add task 2.add host\",\"ip\":[\"192.168.2.1\",\"192.168.10.58\",\"192.168.3.1\",\"20.20.1.8\",\"172.16.234.1\",\"172.16.202.1\"]},\"msg\":\"ok\"}'),(1073,1657002840,1657002840,0,30,1,'{\"code\":100000,\"req_id\":1544207950346719232,\"data\":{\"build_time\":\"2022-07-05 14:23:31\",\"git\":\"e3fa80061d08b08e7944864a93df3ca43a22f23c (HEAD -\\u003e main, origin/main) feat: 1.add task 2.add host\",\"ip\":[\"192.168.2.1\",\"192.168.10.58\",\"192.168.3.1\",\"20.20.1.8\",\"172.16.234.1\",\"172.16.202.1\"]},\"msg\":\"ok\"}'),(1074,1657002900,1657002900,0,30,1,'{\"code\":100000,\"req_id\":1544208201983987712,\"data\":{\"build_time\":\"2022-07-05 14:23:31\",\"git\":\"e3fa80061d08b08e7944864a93df3ca43a22f23c (HEAD -\\u003e main, origin/main) feat: 1.add task 2.add host\",\"ip\":[\"192.168.2.1\",\"192.168.10.58\",\"192.168.3.1\",\"20.20.1.8\",\"172.16.234.1\",\"172.16.202.1\"]},\"msg\":\"ok\"}'),(1075,1657002960,1657002960,0,30,1,'{\"code\":100000,\"req_id\":1544208453755473920,\"data\":{\"build_time\":\"2022-07-05 14:23:31\",\"git\":\"e3fa80061d08b08e7944864a93df3ca43a22f23c (HEAD -\\u003e main, origin/main) feat: 1.add task 2.add host\",\"ip\":[\"192.168.2.1\",\"192.168.10.58\",\"192.168.3.1\",\"20.20.1.8\",\"172.16.234.1\",\"172.16.202.1\"]},\"msg\":\"ok\"}'),(1076,1657003020,1657003020,0,30,1,'{\"code\":100000,\"req_id\":1544208705313050624,\"data\":{\"build_time\":\"2022-07-05 14:23:31\",\"git\":\"e3fa80061d08b08e7944864a93df3ca43a22f23c (HEAD -\\u003e main, origin/main) feat: 1.add task 2.add host\",\"ip\":[\"192.168.2.1\",\"192.168.10.58\",\"192.168.3.1\",\"20.20.1.8\",\"172.16.234.1\",\"172.16.202.1\"]},\"msg\":\"ok\"}'),(1077,1657003080,1657003080,0,30,1,'{\"code\":100000,\"req_id\":1544208956920958976,\"data\":{\"build_time\":\"2022-07-05 14:23:31\",\"git\":\"e3fa80061d08b08e7944864a93df3ca43a22f23c (HEAD -\\u003e main, origin/main) feat: 1.add task 2.add host\",\"ip\":[\"192.168.2.1\",\"192.168.10.58\",\"192.168.3.1\",\"20.20.1.8\",\"172.16.234.1\",\"172.16.202.1\"]},\"msg\":\"ok\"}'),(1078,1657003140,1657003140,0,30,1,'{\"code\":100000,\"req_id\":1544209208566616064,\"data\":{\"build_time\":\"2022-07-05 14:23:31\",\"git\":\"e3fa80061d08b08e7944864a93df3ca43a22f23c (HEAD -\\u003e main, origin/main) feat: 1.add task 2.add host\",\"ip\":[\"192.168.2.1\",\"192.168.10.58\",\"192.168.3.1\",\"20.20.1.8\",\"172.16.234.1\",\"172.16.202.1\"]},\"msg\":\"ok\"}'),(1079,1657003200,1657003200,0,30,1,'{\"code\":100000,\"req_id\":1544209460216467456,\"data\":{\"build_time\":\"2022-07-05 14:23:31\",\"git\":\"e3fa80061d08b08e7944864a93df3ca43a22f23c (HEAD -\\u003e main, origin/main) feat: 1.add task 2.add host\",\"ip\":[\"192.168.2.1\",\"192.168.10.58\",\"192.168.3.1\",\"20.20.1.8\",\"172.16.234.1\",\"172.16.202.1\"]},\"msg\":\"ok\"}'),(1080,1657003260,1657003260,0,30,1,'{\"code\":100000,\"req_id\":1544209711912456192,\"data\":{\"build_time\":\"2022-07-05 14:23:31\",\"git\":\"e3fa80061d08b08e7944864a93df3ca43a22f23c (HEAD -\\u003e main, origin/main) feat: 1.add task 2.add host\",\"ip\":[\"192.168.2.1\",\"192.168.10.58\",\"192.168.3.1\",\"20.20.1.8\",\"172.16.234.1\",\"172.16.202.1\"]},\"msg\":\"ok\"}'),(1081,1657003320,1657003320,0,30,1,'{\"code\":100000,\"req_id\":1544209963570696192,\"data\":{\"build_time\":\"2022-07-05 14:23:31\",\"git\":\"e3fa80061d08b08e7944864a93df3ca43a22f23c (HEAD -\\u003e main, origin/main) feat: 1.add task 2.add host\",\"ip\":[\"192.168.2.1\",\"192.168.10.58\",\"192.168.3.1\",\"20.20.1.8\",\"172.16.234.1\",\"172.16.202.1\"]},\"msg\":\"ok\"}'),(1082,1657003380,1657003380,0,30,1,'{\"code\":100000,\"req_id\":1544210215220547584,\"data\":{\"build_time\":\"2022-07-05 14:23:31\",\"git\":\"e3fa80061d08b08e7944864a93df3ca43a22f23c (HEAD -\\u003e main, origin/main) feat: 1.add task 2.add host\",\"ip\":[\"192.168.2.1\",\"192.168.10.58\",\"192.168.3.1\",\"20.20.1.8\",\"172.16.234.1\",\"172.16.202.1\"]},\"msg\":\"ok\"}'),(1083,1657003440,1657003440,0,30,1,'{\"code\":100000,\"req_id\":1544210466882981888,\"data\":{\"build_time\":\"2022-07-05 14:23:31\",\"git\":\"e3fa80061d08b08e7944864a93df3ca43a22f23c (HEAD -\\u003e main, origin/main) feat: 1.add task 2.add host\",\"ip\":[\"192.168.2.1\",\"192.168.10.58\",\"192.168.3.1\",\"20.20.1.8\",\"172.16.234.1\",\"172.16.202.1\"]},\"msg\":\"ok\"}'),(1084,1657003500,1657003500,0,30,1,'{\"code\":100000,\"req_id\":1544210718520250368,\"data\":{\"build_time\":\"2022-07-05 14:23:31\",\"git\":\"e3fa80061d08b08e7944864a93df3ca43a22f23c (HEAD -\\u003e main, origin/main) feat: 1.add task 2.add host\",\"ip\":[\"192.168.2.1\",\"192.168.10.58\",\"192.168.3.1\",\"20.20.1.8\",\"172.16.234.1\",\"172.16.202.1\"]},\"msg\":\"ok\"}'),(1085,1657003560,1657003560,0,30,1,'{\"code\":100000,\"req_id\":1544210970178490368,\"data\":{\"build_time\":\"2022-07-05 14:23:31\",\"git\":\"e3fa80061d08b08e7944864a93df3ca43a22f23c (HEAD -\\u003e main, origin/main) feat: 1.add task 2.add host\",\"ip\":[\"192.168.2.1\",\"192.168.10.58\",\"192.168.3.1\",\"20.20.1.8\",\"172.16.234.1\",\"172.16.202.1\"]},\"msg\":\"ok\"}'),(1086,1657003620,1657003620,0,30,1,'{\"code\":100000,\"req_id\":1544211221849313280,\"data\":{\"build_time\":\"2022-07-05 14:23:31\",\"git\":\"e3fa80061d08b08e7944864a93df3ca43a22f23c (HEAD -\\u003e main, origin/main) feat: 1.add task 2.add host\",\"ip\":[\"192.168.2.1\",\"192.168.10.58\",\"192.168.3.1\",\"20.20.1.8\",\"172.16.234.1\",\"172.16.202.1\"]},\"msg\":\"ok\"}'),(1087,1657003680,1657003680,0,30,1,'{\"code\":100000,\"req_id\":1544211473532719104,\"data\":{\"build_time\":\"2022-07-05 14:23:31\",\"git\":\"e3fa80061d08b08e7944864a93df3ca43a22f23c (HEAD -\\u003e main, origin/main) feat: 1.add task 2.add host\",\"ip\":[\"192.168.2.1\",\"192.168.10.58\",\"192.168.3.1\",\"20.20.1.8\",\"172.16.234.1\",\"172.16.202.1\"]},\"msg\":\"ok\"}'),(1088,1657003740,1657003740,0,30,1,'{\"code\":100000,\"req_id\":1544211725211930624,\"data\":{\"build_time\":\"2022-07-05 14:23:31\",\"git\":\"e3fa80061d08b08e7944864a93df3ca43a22f23c (HEAD -\\u003e main, origin/main) feat: 1.add task 2.add host\",\"ip\":[\"192.168.2.1\",\"192.168.10.58\",\"192.168.3.1\",\"20.20.1.8\",\"172.16.234.1\",\"172.16.202.1\"]},\"msg\":\"ok\"}'),(1089,1657003800,1657003800,0,30,1,'{\"code\":100000,\"req_id\":1544211976891142144,\"data\":{\"build_time\":\"2022-07-05 14:23:31\",\"git\":\"e3fa80061d08b08e7944864a93df3ca43a22f23c (HEAD -\\u003e main, origin/main) feat: 1.add task 2.add host\",\"ip\":[\"192.168.2.1\",\"192.168.10.58\",\"192.168.3.1\",\"20.20.1.8\",\"172.16.234.1\",\"172.16.202.1\"]},\"msg\":\"ok\"}'),(1090,1657003860,1657003860,0,30,1,'{\"code\":100000,\"req_id\":1544212228603908096,\"data\":{\"build_time\":\"2022-07-05 14:23:31\",\"git\":\"e3fa80061d08b08e7944864a93df3ca43a22f23c (HEAD -\\u003e main, origin/main) feat: 1.add task 2.add host\",\"ip\":[\"192.168.2.1\",\"192.168.10.58\",\"192.168.3.1\",\"20.20.1.8\",\"172.16.234.1\",\"172.16.202.1\"]},\"msg\":\"ok\"}'),(1091,1657003920,1657003920,0,30,1,'{\"code\":100000,\"req_id\":1544212480127930368,\"data\":{\"build_time\":\"2022-07-05 14:23:31\",\"git\":\"e3fa80061d08b08e7944864a93df3ca43a22f23c (HEAD -\\u003e main, origin/main) feat: 1.add task 2.add host\",\"ip\":[\"192.168.2.1\",\"192.168.10.58\",\"192.168.3.1\",\"20.20.1.8\",\"172.16.234.1\",\"172.16.202.1\"]},\"msg\":\"ok\"}'),(1092,1657003980,1657003980,0,30,1,'{\"code\":100000,\"req_id\":1544212731668729856,\"data\":{\"build_time\":\"2022-07-05 14:23:31\",\"git\":\"e3fa80061d08b08e7944864a93df3ca43a22f23c (HEAD -\\u003e main, origin/main) feat: 1.add task 2.add host\",\"ip\":[\"192.168.2.1\",\"192.168.10.58\",\"192.168.3.1\",\"20.20.1.8\",\"172.16.234.1\",\"172.16.202.1\"]},\"msg\":\"ok\"}'),(1093,1657004040,1657004040,0,30,1,'{\"code\":100000,\"req_id\":1544212983305998336,\"data\":{\"build_time\":\"2022-07-05 14:23:31\",\"git\":\"e3fa80061d08b08e7944864a93df3ca43a22f23c (HEAD -\\u003e main, origin/main) feat: 1.add task 2.add host\",\"ip\":[\"192.168.2.1\",\"192.168.10.58\",\"192.168.3.1\",\"20.20.1.8\",\"172.16.234.1\",\"172.16.202.1\"]},\"msg\":\"ok\"}'),(1094,1657004100,1657004100,0,30,1,'{\"code\":100000,\"req_id\":1544213234913906688,\"data\":{\"build_time\":\"2022-07-05 14:23:31\",\"git\":\"e3fa80061d08b08e7944864a93df3ca43a22f23c (HEAD -\\u003e main, origin/main) feat: 1.add task 2.add host\",\"ip\":[\"192.168.2.1\",\"192.168.10.58\",\"192.168.3.1\",\"20.20.1.8\",\"172.16.234.1\",\"172.16.202.1\"]},\"msg\":\"ok\"}'),(1095,1657004160,1657004160,0,30,1,'{\"code\":100000,\"req_id\":1544213486521815040,\"data\":{\"build_time\":\"2022-07-05 14:23:31\",\"git\":\"e3fa80061d08b08e7944864a93df3ca43a22f23c (HEAD -\\u003e main, origin/main) feat: 1.add task 2.add host\",\"ip\":[\"192.168.2.1\",\"192.168.10.58\",\"192.168.3.1\",\"20.20.1.8\",\"172.16.234.1\",\"172.16.202.1\"]},\"msg\":\"ok\"}'),(1096,1657004220,1657004220,0,30,1,'{\"code\":100000,\"req_id\":1544213738209415168,\"data\":{\"build_time\":\"2022-07-05 14:23:31\",\"git\":\"e3fa80061d08b08e7944864a93df3ca43a22f23c (HEAD -\\u003e main, origin/main) feat: 1.add task 2.add host\",\"ip\":[\"192.168.2.1\",\"192.168.10.58\",\"192.168.3.1\",\"20.20.1.8\",\"172.16.234.1\",\"172.16.202.1\"]},\"msg\":\"ok\"}'),(1097,1657004280,1657004280,0,30,1,'{\"code\":100000,\"req_id\":1544213989938958336,\"data\":{\"build_time\":\"2022-07-05 14:23:31\",\"git\":\"e3fa80061d08b08e7944864a93df3ca43a22f23c (HEAD -\\u003e main, origin/main) feat: 1.add task 2.add host\",\"ip\":[\"192.168.2.1\",\"192.168.10.58\",\"192.168.3.1\",\"20.20.1.8\",\"172.16.234.1\",\"172.16.202.1\"]},\"msg\":\"ok\"}'),(1098,1657004340,1657004340,0,30,1,'{\"code\":100000,\"req_id\":1544214241660112896,\"data\":{\"build_time\":\"2022-07-05 14:23:31\",\"git\":\"e3fa80061d08b08e7944864a93df3ca43a22f23c (HEAD -\\u003e main, origin/main) feat: 1.add task 2.add host\",\"ip\":[\"192.168.2.1\",\"192.168.10.58\",\"192.168.3.1\",\"20.20.1.8\",\"172.16.234.1\",\"172.16.202.1\"]},\"msg\":\"ok\"}'),(1099,1657004400,1657004400,0,30,1,'{\"code\":100000,\"req_id\":1544214493196718080,\"data\":{\"build_time\":\"2022-07-05 14:23:31\",\"git\":\"e3fa80061d08b08e7944864a93df3ca43a22f23c (HEAD -\\u003e main, origin/main) feat: 1.add task 2.add host\",\"ip\":[\"192.168.2.1\",\"192.168.10.58\",\"192.168.3.1\",\"20.20.1.8\",\"172.16.234.1\",\"172.16.202.1\"]},\"msg\":\"ok\"}'),(1100,1657004460,1657004460,0,30,1,'{\"code\":100000,\"req_id\":1544214744792043520,\"data\":{\"build_time\":\"2022-07-05 14:23:31\",\"git\":\"e3fa80061d08b08e7944864a93df3ca43a22f23c (HEAD -\\u003e main, origin/main) feat: 1.add task 2.add host\",\"ip\":[\"192.168.2.1\",\"192.168.10.58\",\"192.168.3.1\",\"20.20.1.8\",\"172.16.234.1\",\"172.16.202.1\"]},\"msg\":\"ok\"}'),(1101,1657004520,1657004520,0,30,1,'{\"code\":100000,\"req_id\":1544214996550946816,\"data\":{\"build_time\":\"2022-07-05 14:23:31\",\"git\":\"e3fa80061d08b08e7944864a93df3ca43a22f23c (HEAD -\\u003e main, origin/main) feat: 1.add task 2.add host\",\"ip\":[\"192.168.2.1\",\"192.168.10.58\",\"192.168.3.1\",\"20.20.1.8\",\"172.16.234.1\",\"172.16.202.1\"]},\"msg\":\"ok\"}'),(1102,1657004580,1657004580,0,30,1,'{\"code\":100000,\"req_id\":1544215248146272256,\"data\":{\"build_time\":\"2022-07-05 14:23:31\",\"git\":\"e3fa80061d08b08e7944864a93df3ca43a22f23c (HEAD -\\u003e main, origin/main) feat: 1.add task 2.add host\",\"ip\":[\"192.168.2.1\",\"192.168.10.58\",\"192.168.3.1\",\"20.20.1.8\",\"172.16.234.1\",\"172.16.202.1\"]},\"msg\":\"ok\"}'),(1103,1657004640,1657004640,0,30,1,'{\"code\":100000,\"req_id\":1544215499808706560,\"data\":{\"build_time\":\"2022-07-05 14:23:31\",\"git\":\"e3fa80061d08b08e7944864a93df3ca43a22f23c (HEAD -\\u003e main, origin/main) feat: 1.add task 2.add host\",\"ip\":[\"192.168.2.1\",\"192.168.10.58\",\"192.168.3.1\",\"20.20.1.8\",\"172.16.234.1\",\"172.16.202.1\"]},\"msg\":\"ok\"}'),(1104,1657004700,1657004700,0,30,1,'{\"code\":100000,\"req_id\":1544215751466946560,\"data\":{\"build_time\":\"2022-07-05 14:23:31\",\"git\":\"e3fa80061d08b08e7944864a93df3ca43a22f23c (HEAD -\\u003e main, origin/main) feat: 1.add task 2.add host\",\"ip\":[\"192.168.2.1\",\"192.168.10.58\",\"192.168.3.1\",\"20.20.1.8\",\"172.16.234.1\",\"172.16.202.1\"]},\"msg\":\"ok\"}'),(1105,1657004760,1657004760,0,30,1,'{\"code\":100000,\"req_id\":1544216003125186560,\"data\":{\"build_time\":\"2022-07-05 14:23:31\",\"git\":\"e3fa80061d08b08e7944864a93df3ca43a22f23c (HEAD -\\u003e main, origin/main) feat: 1.add task 2.add host\",\"ip\":[\"192.168.2.1\",\"192.168.10.58\",\"192.168.3.1\",\"20.20.1.8\",\"172.16.234.1\",\"172.16.202.1\"]},\"msg\":\"ok\"}'),(1106,1657004820,1657004820,0,30,1,'{\"code\":100000,\"req_id\":1544216254905061376,\"data\":{\"build_time\":\"2022-07-05 14:23:31\",\"git\":\"e3fa80061d08b08e7944864a93df3ca43a22f23c (HEAD -\\u003e main, origin/main) feat: 1.add task 2.add host\",\"ip\":[\"192.168.2.1\",\"192.168.10.58\",\"192.168.3.1\",\"20.20.1.8\",\"172.16.234.1\",\"172.16.202.1\"]},\"msg\":\"ok\"}'),(1107,1657004880,1657004880,0,30,1,'{\"code\":100000,\"req_id\":1544216506374557696,\"data\":{\"build_time\":\"2022-07-05 14:23:31\",\"git\":\"e3fa80061d08b08e7944864a93df3ca43a22f23c (HEAD -\\u003e main, origin/main) feat: 1.add task 2.add host\",\"ip\":[\"192.168.2.1\",\"192.168.10.58\",\"192.168.3.1\",\"20.20.1.8\",\"172.16.234.1\",\"172.16.202.1\"]},\"msg\":\"ok\"}'),(1108,1657004940,1657004940,0,30,1,'{\"code\":100000,\"req_id\":1544216757990854656,\"data\":{\"build_time\":\"2022-07-05 14:23:31\",\"git\":\"e3fa80061d08b08e7944864a93df3ca43a22f23c (HEAD -\\u003e main, origin/main) feat: 1.add task 2.add host\",\"ip\":[\"192.168.2.1\",\"192.168.10.58\",\"192.168.3.1\",\"20.20.1.8\",\"172.16.234.1\",\"172.16.202.1\"]},\"msg\":\"ok\"}'),(1109,1657005000,1657005000,0,30,1,'{\"code\":100000,\"req_id\":1544217009699426304,\"data\":{\"build_time\":\"2022-07-05 14:23:31\",\"git\":\"e3fa80061d08b08e7944864a93df3ca43a22f23c (HEAD -\\u003e main, origin/main) feat: 1.add task 2.add host\",\"ip\":[\"192.168.2.1\",\"192.168.10.58\",\"192.168.3.1\",\"20.20.1.8\",\"172.16.234.1\",\"172.16.202.1\"]},\"msg\":\"ok\"}'),(1110,1657005060,1657005060,0,30,1,'{\"code\":100000,\"req_id\":1544217261349277696,\"data\":{\"build_time\":\"2022-07-05 14:23:31\",\"git\":\"e3fa80061d08b08e7944864a93df3ca43a22f23c (HEAD -\\u003e main, origin/main) feat: 1.add task 2.add host\",\"ip\":[\"192.168.2.1\",\"192.168.10.58\",\"192.168.3.1\",\"20.20.1.8\",\"172.16.234.1\",\"172.16.202.1\"]},\"msg\":\"ok\"}'),(1111,1657005120,1657005120,0,30,1,'{\"code\":100000,\"req_id\":1544217512969768960,\"data\":{\"build_time\":\"2022-07-05 14:23:31\",\"git\":\"e3fa80061d08b08e7944864a93df3ca43a22f23c (HEAD -\\u003e main, origin/main) feat: 1.add task 2.add host\",\"ip\":[\"192.168.2.1\",\"192.168.10.58\",\"192.168.3.1\",\"20.20.1.8\",\"172.16.234.1\",\"172.16.202.1\"]},\"msg\":\"ok\"}'),(1112,1657005180,1657005180,0,30,1,'{\"code\":100000,\"req_id\":1544217764720283648,\"data\":{\"build_time\":\"2022-07-05 14:23:31\",\"git\":\"e3fa80061d08b08e7944864a93df3ca43a22f23c (HEAD -\\u003e main, origin/main) feat: 1.add task 2.add host\",\"ip\":[\"192.168.2.1\",\"192.168.10.58\",\"192.168.3.1\",\"20.20.1.8\",\"172.16.234.1\",\"172.16.202.1\"]},\"msg\":\"ok\"}'),(1113,1657005240,1657005240,0,30,1,'{\"code\":100000,\"req_id\":1544218016298831872,\"data\":{\"build_time\":\"2022-07-05 14:23:31\",\"git\":\"e3fa80061d08b08e7944864a93df3ca43a22f23c (HEAD -\\u003e main, origin/main) feat: 1.add task 2.add host\",\"ip\":[\"192.168.2.1\",\"192.168.10.58\",\"192.168.3.1\",\"20.20.1.8\",\"172.16.234.1\",\"172.16.202.1\"]},\"msg\":\"ok\"}'),(1114,1657005300,1657005300,0,30,1,'{\"code\":100000,\"req_id\":1544218268057735168,\"data\":{\"build_time\":\"2022-07-05 14:23:31\",\"git\":\"e3fa80061d08b08e7944864a93df3ca43a22f23c (HEAD -\\u003e main, origin/main) feat: 1.add task 2.add host\",\"ip\":[\"192.168.2.1\",\"192.168.10.58\",\"192.168.3.1\",\"20.20.1.8\",\"172.16.234.1\",\"172.16.202.1\"]},\"msg\":\"ok\"}'),(1115,1657005360,1657005360,0,30,1,'{\"code\":100000,\"req_id\":1544218519657254912,\"data\":{\"build_time\":\"2022-07-05 14:23:31\",\"git\":\"e3fa80061d08b08e7944864a93df3ca43a22f23c (HEAD -\\u003e main, origin/main) feat: 1.add task 2.add host\",\"ip\":[\"192.168.2.1\",\"192.168.10.58\",\"192.168.3.1\",\"20.20.1.8\",\"172.16.234.1\",\"172.16.202.1\"]},\"msg\":\"ok\"}'),(1116,1657005420,1657005420,0,30,1,'{\"code\":100000,\"req_id\":1544218771302912000,\"data\":{\"build_time\":\"2022-07-05 14:23:31\",\"git\":\"e3fa80061d08b08e7944864a93df3ca43a22f23c (HEAD -\\u003e main, origin/main) feat: 1.add task 2.add host\",\"ip\":[\"192.168.2.1\",\"192.168.10.58\",\"192.168.3.1\",\"20.20.1.8\",\"172.16.234.1\",\"172.16.202.1\"]},\"msg\":\"ok\"}'),(1117,1657005480,1657005480,0,30,1,'{\"code\":100000,\"req_id\":1544219022956957696,\"data\":{\"build_time\":\"2022-07-05 14:23:31\",\"git\":\"e3fa80061d08b08e7944864a93df3ca43a22f23c (HEAD -\\u003e main, origin/main) feat: 1.add task 2.add host\",\"ip\":[\"192.168.2.1\",\"192.168.10.58\",\"192.168.3.1\",\"20.20.1.8\",\"172.16.234.1\",\"172.16.202.1\"]},\"msg\":\"ok\"}'),(1118,1657005540,1657005540,0,30,1,'{\"code\":100000,\"req_id\":1544219274640363520,\"data\":{\"build_time\":\"2022-07-05 14:23:31\",\"git\":\"e3fa80061d08b08e7944864a93df3ca43a22f23c (HEAD -\\u003e main, origin/main) feat: 1.add task 2.add host\",\"ip\":[\"192.168.2.1\",\"192.168.10.58\",\"192.168.3.1\",\"20.20.1.8\",\"172.16.234.1\",\"172.16.202.1\"]},\"msg\":\"ok\"}'),(1119,1657005600,1657005600,0,30,1,'{\"code\":100000,\"req_id\":1544219526365712384,\"data\":{\"build_time\":\"2022-07-05 14:23:31\",\"git\":\"e3fa80061d08b08e7944864a93df3ca43a22f23c (HEAD -\\u003e main, origin/main) feat: 1.add task 2.add host\",\"ip\":[\"192.168.2.1\",\"192.168.10.58\",\"192.168.3.1\",\"20.20.1.8\",\"172.16.234.1\",\"172.16.202.1\"]},\"msg\":\"ok\"}'),(1120,1657005660,1657005660,0,30,1,'{\"code\":100000,\"req_id\":1544219777927483392,\"data\":{\"build_time\":\"2022-07-05 14:23:31\",\"git\":\"e3fa80061d08b08e7944864a93df3ca43a22f23c (HEAD -\\u003e main, origin/main) feat: 1.add task 2.add host\",\"ip\":[\"192.168.2.1\",\"192.168.10.58\",\"192.168.3.1\",\"20.20.1.8\",\"172.16.234.1\",\"172.16.202.1\"]},\"msg\":\"ok\"}'),(1121,1657005720,1657005720,0,30,1,'{\"code\":100000,\"req_id\":1544220029594112000,\"data\":{\"build_time\":\"2022-07-05 14:23:31\",\"git\":\"e3fa80061d08b08e7944864a93df3ca43a22f23c (HEAD -\\u003e main, origin/main) feat: 1.add task 2.add host\",\"ip\":[\"192.168.2.1\",\"192.168.10.58\",\"192.168.3.1\",\"20.20.1.8\",\"172.16.234.1\",\"172.16.202.1\"]},\"msg\":\"ok\"}'),(1122,1657005780,1657005780,0,30,1,'{\"code\":100000,\"req_id\":1544220281269129216,\"data\":{\"build_time\":\"2022-07-05 14:23:31\",\"git\":\"e3fa80061d08b08e7944864a93df3ca43a22f23c (HEAD -\\u003e main, origin/main) feat: 1.add task 2.add host\",\"ip\":[\"192.168.2.1\",\"192.168.10.58\",\"192.168.3.1\",\"20.20.1.8\",\"172.16.234.1\",\"172.16.202.1\"]},\"msg\":\"ok\"}'),(1123,1657005840,1657005840,0,30,1,'{\"code\":100000,\"req_id\":1544220533174833152,\"data\":{\"build_time\":\"2022-07-05 14:23:31\",\"git\":\"e3fa80061d08b08e7944864a93df3ca43a22f23c (HEAD -\\u003e main, origin/main) feat: 1.add task 2.add host\",\"ip\":[\"192.168.2.1\",\"192.168.10.58\",\"192.168.3.1\",\"20.20.1.8\",\"172.16.234.1\",\"172.16.202.1\"]},\"msg\":\"ok\"}'),(1124,1657005900,1657005900,0,30,1,'{\"code\":100000,\"req_id\":1544220784845656064,\"data\":{\"build_time\":\"2022-07-05 14:23:31\",\"git\":\"e3fa80061d08b08e7944864a93df3ca43a22f23c (HEAD -\\u003e main, origin/main) feat: 1.add task 2.add host\",\"ip\":[\"192.168.2.1\",\"192.168.10.58\",\"192.168.3.1\",\"20.20.1.8\",\"172.16.234.1\",\"172.16.202.1\"]},\"msg\":\"ok\"}'),(1125,1657005960,1657005960,0,30,1,'{\"code\":100000,\"req_id\":1544221036562616320,\"data\":{\"build_time\":\"2022-07-05 14:23:31\",\"git\":\"e3fa80061d08b08e7944864a93df3ca43a22f23c (HEAD -\\u003e main, origin/main) feat: 1.add task 2.add host\",\"ip\":[\"192.168.2.1\",\"192.168.10.58\",\"192.168.3.1\",\"20.20.1.8\",\"172.16.234.1\",\"172.16.202.1\"]},\"msg\":\"ok\"}'),(1126,1657006020,1657006020,0,30,1,'{\"code\":100000,\"req_id\":1544221288166330368,\"data\":{\"build_time\":\"2022-07-05 14:23:31\",\"git\":\"e3fa80061d08b08e7944864a93df3ca43a22f23c (HEAD -\\u003e main, origin/main) feat: 1.add task 2.add host\",\"ip\":[\"192.168.2.1\",\"192.168.10.58\",\"192.168.3.1\",\"20.20.1.8\",\"172.16.234.1\",\"172.16.202.1\"]},\"msg\":\"ok\"}'),(1127,1657006080,1657006080,0,30,1,'{\"code\":100000,\"req_id\":1544221539841347584,\"data\":{\"build_time\":\"2022-07-05 14:23:31\",\"git\":\"e3fa80061d08b08e7944864a93df3ca43a22f23c (HEAD -\\u003e main, origin/main) feat: 1.add task 2.add host\",\"ip\":[\"192.168.2.1\",\"192.168.10.58\",\"192.168.3.1\",\"20.20.1.8\",\"172.16.234.1\",\"172.16.202.1\"]},\"msg\":\"ok\"}'),(1128,1657006140,1657006140,0,30,1,'{\"code\":100000,\"req_id\":1544221791533142016,\"data\":{\"build_time\":\"2022-07-05 14:23:31\",\"git\":\"e3fa80061d08b08e7944864a93df3ca43a22f23c (HEAD -\\u003e main, origin/main) feat: 1.add task 2.add host\",\"ip\":[\"192.168.2.1\",\"192.168.10.58\",\"192.168.3.1\",\"20.20.1.8\",\"172.16.234.1\",\"172.16.202.1\"]},\"msg\":\"ok\"}'),(1129,1657006200,1657006200,0,30,1,'{\"code\":100000,\"req_id\":1544222043128467456,\"data\":{\"build_time\":\"2022-07-05 14:23:31\",\"git\":\"e3fa80061d08b08e7944864a93df3ca43a22f23c (HEAD -\\u003e main, origin/main) feat: 1.add task 2.add host\",\"ip\":[\"192.168.2.1\",\"192.168.10.58\",\"192.168.3.1\",\"20.20.1.8\",\"172.16.234.1\",\"172.16.202.1\"]},\"msg\":\"ok\"}'),(1130,1657006260,1657006260,0,30,1,'{\"code\":100000,\"req_id\":1544222294803484672,\"data\":{\"build_time\":\"2022-07-05 14:23:31\",\"git\":\"e3fa80061d08b08e7944864a93df3ca43a22f23c (HEAD -\\u003e main, origin/main) feat: 1.add task 2.add host\",\"ip\":[\"192.168.2.1\",\"192.168.10.58\",\"192.168.3.1\",\"20.20.1.8\",\"172.16.234.1\",\"172.16.202.1\"]},\"msg\":\"ok\"}'),(1131,1657006320,1657006320,0,30,1,'{\"code\":100000,\"req_id\":1544222546524639232,\"data\":{\"build_time\":\"2022-07-05 14:23:31\",\"git\":\"e3fa80061d08b08e7944864a93df3ca43a22f23c (HEAD -\\u003e main, origin/main) feat: 1.add task 2.add host\",\"ip\":[\"192.168.2.1\",\"192.168.10.58\",\"192.168.3.1\",\"20.20.1.8\",\"172.16.234.1\",\"172.16.202.1\"]},\"msg\":\"ok\"}'),(1132,1657006380,1657006380,0,30,1,'{\"code\":100000,\"req_id\":1544222798145130496,\"data\":{\"build_time\":\"2022-07-05 14:23:31\",\"git\":\"e3fa80061d08b08e7944864a93df3ca43a22f23c (HEAD -\\u003e main, origin/main) feat: 1.add task 2.add host\",\"ip\":[\"192.168.2.1\",\"192.168.10.58\",\"192.168.3.1\",\"20.20.1.8\",\"172.16.234.1\",\"172.16.202.1\"]},\"msg\":\"ok\"}'),(1133,1657006440,1657006440,0,30,1,'{\"code\":100000,\"req_id\":1544223049778204672,\"data\":{\"build_time\":\"2022-07-05 14:23:31\",\"git\":\"e3fa80061d08b08e7944864a93df3ca43a22f23c (HEAD -\\u003e main, origin/main) feat: 1.add task 2.add host\",\"ip\":[\"192.168.2.1\",\"192.168.10.58\",\"192.168.3.1\",\"20.20.1.8\",\"172.16.234.1\",\"172.16.202.1\"]},\"msg\":\"ok\"}'),(1134,1657006500,1657006500,0,30,1,'{\"code\":100000,\"req_id\":1544223301449027584,\"data\":{\"build_time\":\"2022-07-05 14:23:31\",\"git\":\"e3fa80061d08b08e7944864a93df3ca43a22f23c (HEAD -\\u003e main, origin/main) feat: 1.add task 2.add host\",\"ip\":[\"192.168.2.1\",\"192.168.10.58\",\"192.168.3.1\",\"20.20.1.8\",\"172.16.234.1\",\"172.16.202.1\"]},\"msg\":\"ok\"}'),(1135,1657006560,1657006560,0,30,1,'{\"code\":100000,\"req_id\":1544223553119850496,\"data\":{\"build_time\":\"2022-07-05 14:23:31\",\"git\":\"e3fa80061d08b08e7944864a93df3ca43a22f23c (HEAD -\\u003e main, origin/main) feat: 1.add task 2.add host\",\"ip\":[\"192.168.2.1\",\"192.168.10.58\",\"192.168.3.1\",\"20.20.1.8\",\"172.16.234.1\",\"172.16.202.1\"]},\"msg\":\"ok\"}'),(1136,1657006620,1657006620,0,30,1,'{\"code\":100000,\"req_id\":1544223804786479104,\"data\":{\"build_time\":\"2022-07-05 14:23:31\",\"git\":\"e3fa80061d08b08e7944864a93df3ca43a22f23c (HEAD -\\u003e main, origin/main) feat: 1.add task 2.add host\",\"ip\":[\"192.168.2.1\",\"192.168.10.58\",\"192.168.3.1\",\"20.20.1.8\",\"172.16.234.1\",\"172.16.202.1\"]},\"msg\":\"ok\"}'),(1137,1657006680,1657006680,0,30,1,'{\"code\":100000,\"req_id\":1544224056453107712,\"data\":{\"build_time\":\"2022-07-05 14:23:31\",\"git\":\"e3fa80061d08b08e7944864a93df3ca43a22f23c (HEAD -\\u003e main, origin/main) feat: 1.add task 2.add host\",\"ip\":[\"192.168.2.1\",\"192.168.10.58\",\"192.168.3.1\",\"20.20.1.8\",\"172.16.234.1\",\"172.16.202.1\"]},\"msg\":\"ok\"}'),(1138,1657006740,1657006740,0,30,1,'{\"code\":100000,\"req_id\":1544224308090376192,\"data\":{\"build_time\":\"2022-07-05 14:23:31\",\"git\":\"e3fa80061d08b08e7944864a93df3ca43a22f23c (HEAD -\\u003e main, origin/main) feat: 1.add task 2.add host\",\"ip\":[\"192.168.2.1\",\"192.168.10.58\",\"192.168.3.1\",\"20.20.1.8\",\"172.16.234.1\",\"172.16.202.1\"]},\"msg\":\"ok\"}'),(1139,1657006800,1657006800,0,30,1,'{\"code\":100000,\"req_id\":1544224559782170624,\"data\":{\"build_time\":\"2022-07-05 14:23:31\",\"git\":\"e3fa80061d08b08e7944864a93df3ca43a22f23c (HEAD -\\u003e main, origin/main) feat: 1.add task 2.add host\",\"ip\":[\"192.168.2.1\",\"192.168.10.58\",\"192.168.3.1\",\"20.20.1.8\",\"172.16.234.1\",\"172.16.202.1\"]},\"msg\":\"ok\"}'),(1140,1657006860,1657006860,0,30,1,'{\"code\":100000,\"req_id\":1544224811255861248,\"data\":{\"build_time\":\"2022-07-05 14:23:31\",\"git\":\"e3fa80061d08b08e7944864a93df3ca43a22f23c (HEAD -\\u003e main, origin/main) feat: 1.add task 2.add host\",\"ip\":[\"192.168.2.1\",\"192.168.10.58\",\"192.168.3.1\",\"20.20.1.8\",\"172.16.234.1\",\"172.16.202.1\"]},\"msg\":\"ok\"}'),(1141,1657006920,1657006920,0,30,1,'{\"code\":100000,\"req_id\":1544225062972821504,\"data\":{\"build_time\":\"2022-07-05 14:23:31\",\"git\":\"e3fa80061d08b08e7944864a93df3ca43a22f23c (HEAD -\\u003e main, origin/main) feat: 1.add task 2.add host\",\"ip\":[\"192.168.2.1\",\"192.168.10.58\",\"192.168.3.1\",\"20.20.1.8\",\"172.16.234.1\",\"172.16.202.1\"]},\"msg\":\"ok\"}'),(1142,1657006980,1657006980,0,30,1,'{\"code\":100000,\"req_id\":1544225314517815296,\"data\":{\"build_time\":\"2022-07-05 14:23:31\",\"git\":\"e3fa80061d08b08e7944864a93df3ca43a22f23c (HEAD -\\u003e main, origin/main) feat: 1.add task 2.add host\",\"ip\":[\"192.168.2.1\",\"192.168.10.58\",\"192.168.3.1\",\"20.20.1.8\",\"172.16.234.1\",\"172.16.202.1\"]},\"msg\":\"ok\"}'),(1143,1657007040,1657007040,0,30,1,'{\"code\":100000,\"req_id\":1544225566176055296,\"data\":{\"build_time\":\"2022-07-05 14:23:31\",\"git\":\"e3fa80061d08b08e7944864a93df3ca43a22f23c (HEAD -\\u003e main, origin/main) feat: 1.add task 2.add host\",\"ip\":[\"192.168.2.1\",\"192.168.10.58\",\"192.168.3.1\",\"20.20.1.8\",\"172.16.234.1\",\"172.16.202.1\"]},\"msg\":\"ok\"}'),(1144,1657007100,1657007100,0,30,1,'{\"code\":100000,\"req_id\":1544225817888821248,\"data\":{\"build_time\":\"2022-07-05 14:23:31\",\"git\":\"e3fa80061d08b08e7944864a93df3ca43a22f23c (HEAD -\\u003e main, origin/main) feat: 1.add task 2.add host\",\"ip\":[\"192.168.2.1\",\"192.168.10.58\",\"192.168.3.1\",\"20.20.1.8\",\"172.16.234.1\",\"172.16.202.1\"]},\"msg\":\"ok\"}'),(1145,1657007160,1657007160,0,30,1,'{\"code\":100000,\"req_id\":1544226070004240384,\"data\":{\"build_time\":\"2022-07-05 15:45:33\",\"git\":\"e3fa80061d08b08e7944864a93df3ca43a22f23c (HEAD -\\u003e main, origin/main) feat: 1.add task 2.add host\",\"ip\":[\"192.168.2.1\",\"192.168.10.58\",\"192.168.3.1\",\"20.20.1.8\",\"172.16.234.1\",\"172.16.202.1\"]},\"msg\":\"ok\"}'),(1146,1657007280,1657007280,0,30,1,'{\"code\":100000,\"req_id\":1544226573081645056,\"data\":{\"build_time\":\"2022-07-05 15:47:05\",\"git\":\"e3fa80061d08b08e7944864a93df3ca43a22f23c (HEAD -\\u003e main, origin/main) feat: 1.add task 2.add host\",\"ip\":[\"192.168.2.1\",\"192.168.10.58\",\"192.168.3.1\",\"20.20.1.8\",\"172.16.234.1\",\"172.16.202.1\"]},\"msg\":\"ok\"}'),(1147,1657007340,1657007340,0,30,1,'{\"code\":100000,\"req_id\":1544226824710524928,\"data\":{\"build_time\":\"2022-07-05 15:47:05\",\"git\":\"e3fa80061d08b08e7944864a93df3ca43a22f23c (HEAD -\\u003e main, origin/main) feat: 1.add task 2.add host\",\"ip\":[\"192.168.2.1\",\"192.168.10.58\",\"192.168.3.1\",\"20.20.1.8\",\"172.16.234.1\",\"172.16.202.1\"]},\"msg\":\"ok\"}'),(1148,1657007400,1657007400,0,30,1,'{\"code\":100000,\"req_id\":1544227076393930752,\"data\":{\"build_time\":\"2022-07-05 15:47:05\",\"git\":\"e3fa80061d08b08e7944864a93df3ca43a22f23c (HEAD -\\u003e main, origin/main) feat: 1.add task 2.add host\",\"ip\":[\"192.168.2.1\",\"192.168.10.58\",\"192.168.3.1\",\"20.20.1.8\",\"172.16.234.1\",\"172.16.202.1\"]},\"msg\":\"ok\"}'),(1149,1657007460,1657007460,0,30,1,'{\"code\":100000,\"req_id\":1544227328047976448,\"data\":{\"build_time\":\"2022-07-05 15:47:05\",\"git\":\"e3fa80061d08b08e7944864a93df3ca43a22f23c (HEAD -\\u003e main, origin/main) feat: 1.add task 2.add host\",\"ip\":[\"192.168.2.1\",\"192.168.10.58\",\"192.168.3.1\",\"20.20.1.8\",\"172.16.234.1\",\"172.16.202.1\"]},\"msg\":\"ok\"}'),(1150,1657007520,1657007520,0,30,1,'{\"code\":100000,\"req_id\":1544227579689439232,\"data\":{\"build_time\":\"2022-07-05 15:47:05\",\"git\":\"e3fa80061d08b08e7944864a93df3ca43a22f23c (HEAD -\\u003e main, origin/main) feat: 1.add task 2.add host\",\"ip\":[\"192.168.2.1\",\"192.168.10.58\",\"192.168.3.1\",\"20.20.1.8\",\"172.16.234.1\",\"172.16.202.1\"]},\"msg\":\"ok\"}'),(1151,1657007580,1657007580,0,30,1,'{\"code\":100000,\"req_id\":1544227831360262144,\"data\":{\"build_time\":\"2022-07-05 15:47:05\",\"git\":\"e3fa80061d08b08e7944864a93df3ca43a22f23c (HEAD -\\u003e main, origin/main) feat: 1.add task 2.add host\",\"ip\":[\"192.168.2.1\",\"192.168.10.58\",\"192.168.3.1\",\"20.20.1.8\",\"172.16.234.1\",\"172.16.202.1\"]},\"msg\":\"ok\"}'),(1152,1657007640,1657007640,0,30,1,'{\"code\":100000,\"req_id\":1544228082976559104,\"data\":{\"build_time\":\"2022-07-05 15:47:05\",\"git\":\"e3fa80061d08b08e7944864a93df3ca43a22f23c (HEAD -\\u003e main, origin/main) feat: 1.add task 2.add host\",\"ip\":[\"192.168.2.1\",\"192.168.10.58\",\"192.168.3.1\",\"20.20.1.8\",\"172.16.234.1\",\"172.16.202.1\"]},\"msg\":\"ok\"}'),(1153,1657007700,1657007700,0,30,1,'{\"code\":100000,\"req_id\":1544228334647382016,\"data\":{\"build_time\":\"2022-07-05 15:47:05\",\"git\":\"e3fa80061d08b08e7944864a93df3ca43a22f23c (HEAD -\\u003e main, origin/main) feat: 1.add task 2.add host\",\"ip\":[\"192.168.2.1\",\"192.168.10.58\",\"192.168.3.1\",\"20.20.1.8\",\"172.16.234.1\",\"172.16.202.1\"]},\"msg\":\"ok\"}'),(1154,1657007760,1657007760,0,30,1,'{\"code\":100000,\"req_id\":1544228586301427712,\"data\":{\"build_time\":\"2022-07-05 15:47:05\",\"git\":\"e3fa80061d08b08e7944864a93df3ca43a22f23c (HEAD -\\u003e main, origin/main) feat: 1.add task 2.add host\",\"ip\":[\"192.168.2.1\",\"192.168.10.58\",\"192.168.3.1\",\"20.20.1.8\",\"172.16.234.1\",\"172.16.202.1\"]},\"msg\":\"ok\"}'),(1155,1657007820,1657007820,0,30,1,'{\"code\":100000,\"req_id\":1544228838030970880,\"data\":{\"build_time\":\"2022-07-05 15:47:05\",\"git\":\"e3fa80061d08b08e7944864a93df3ca43a22f23c (HEAD -\\u003e main, origin/main) feat: 1.add task 2.add host\",\"ip\":[\"192.168.2.1\",\"192.168.10.58\",\"192.168.3.1\",\"20.20.1.8\",\"172.16.234.1\",\"172.16.202.1\"]},\"msg\":\"ok\"}'),(1156,1657007880,1657007880,0,30,1,'{\"code\":100000,\"req_id\":1544229089588547584,\"data\":{\"build_time\":\"2022-07-05 15:47:05\",\"git\":\"e3fa80061d08b08e7944864a93df3ca43a22f23c (HEAD -\\u003e main, origin/main) feat: 1.add task 2.add host\",\"ip\":[\"192.168.2.1\",\"192.168.10.58\",\"192.168.3.1\",\"20.20.1.8\",\"172.16.234.1\",\"172.16.202.1\"]},\"msg\":\"ok\"}'),(1157,1657007940,1657007940,0,30,1,'{\"code\":100000,\"req_id\":1544229341204844544,\"data\":{\"build_time\":\"2022-07-05 15:47:05\",\"git\":\"e3fa80061d08b08e7944864a93df3ca43a22f23c (HEAD -\\u003e main, origin/main) feat: 1.add task 2.add host\",\"ip\":[\"192.168.2.1\",\"192.168.10.58\",\"192.168.3.1\",\"20.20.1.8\",\"172.16.234.1\",\"172.16.202.1\"]},\"msg\":\"ok\"}'),(1158,1657008000,1657008000,0,30,1,'{\"code\":100000,\"req_id\":1544229592816947200,\"data\":{\"build_time\":\"2022-07-05 15:47:05\",\"git\":\"e3fa80061d08b08e7944864a93df3ca43a22f23c (HEAD -\\u003e main, origin/main) feat: 1.add task 2.add host\",\"ip\":[\"192.168.2.1\",\"192.168.10.58\",\"192.168.3.1\",\"20.20.1.8\",\"172.16.234.1\",\"172.16.202.1\"]},\"msg\":\"ok\"}'),(1159,1657008060,1657008060,0,30,1,'{\"code\":100000,\"req_id\":1544229844525518848,\"data\":{\"build_time\":\"2022-07-05 15:47:05\",\"git\":\"e3fa80061d08b08e7944864a93df3ca43a22f23c (HEAD -\\u003e main, origin/main) feat: 1.add task 2.add host\",\"ip\":[\"192.168.2.1\",\"192.168.10.58\",\"192.168.3.1\",\"20.20.1.8\",\"172.16.234.1\",\"172.16.202.1\"]},\"msg\":\"ok\"}'),(1160,1657008120,1657008120,0,30,1,'{\"code\":100000,\"req_id\":1544230096196341760,\"data\":{\"build_time\":\"2022-07-05 15:47:05\",\"git\":\"e3fa80061d08b08e7944864a93df3ca43a22f23c (HEAD -\\u003e main, origin/main) feat: 1.add task 2.add host\",\"ip\":[\"192.168.2.1\",\"192.168.10.58\",\"192.168.3.1\",\"20.20.1.8\",\"172.16.234.1\",\"172.16.202.1\"]},\"msg\":\"ok\"}'),(1161,1657008180,1657008180,0,30,1,'{\"code\":100000,\"req_id\":1544230347804250112,\"data\":{\"build_time\":\"2022-07-05 15:47:05\",\"git\":\"e3fa80061d08b08e7944864a93df3ca43a22f23c (HEAD -\\u003e main, origin/main) feat: 1.add task 2.add host\",\"ip\":[\"192.168.2.1\",\"192.168.10.58\",\"192.168.3.1\",\"20.20.1.8\",\"172.16.234.1\",\"172.16.202.1\"]},\"msg\":\"ok\"}'),(1162,1657008240,1657008240,0,30,1,'{\"code\":100000,\"req_id\":1544230599458295808,\"data\":{\"build_time\":\"2022-07-05 15:47:05\",\"git\":\"e3fa80061d08b08e7944864a93df3ca43a22f23c (HEAD -\\u003e main, origin/main) feat: 1.add task 2.add host\",\"ip\":[\"192.168.2.1\",\"192.168.10.58\",\"192.168.3.1\",\"20.20.1.8\",\"172.16.234.1\",\"172.16.202.1\"]},\"msg\":\"ok\"}'),(1163,1657008300,1657008300,0,30,1,'{\"code\":100000,\"req_id\":1544230851108147200,\"data\":{\"build_time\":\"2022-07-05 15:47:05\",\"git\":\"e3fa80061d08b08e7944864a93df3ca43a22f23c (HEAD -\\u003e main, origin/main) feat: 1.add task 2.add host\",\"ip\":[\"192.168.2.1\",\"192.168.10.58\",\"192.168.3.1\",\"20.20.1.8\",\"172.16.234.1\",\"172.16.202.1\"]},\"msg\":\"ok\"}'),(1164,1657008360,1657008360,0,30,1,'{\"code\":100000,\"req_id\":1544231102799941632,\"data\":{\"build_time\":\"2022-07-05 15:47:05\",\"git\":\"e3fa80061d08b08e7944864a93df3ca43a22f23c (HEAD -\\u003e main, origin/main) feat: 1.add task 2.add host\",\"ip\":[\"192.168.2.1\",\"192.168.10.58\",\"192.168.3.1\",\"20.20.1.8\",\"172.16.234.1\",\"172.16.202.1\"]},\"msg\":\"ok\"}'),(1165,1657008420,1657008420,0,30,1,'{\"code\":100000,\"req_id\":1544231354441404416,\"data\":{\"build_time\":\"2022-07-05 15:47:05\",\"git\":\"e3fa80061d08b08e7944864a93df3ca43a22f23c (HEAD -\\u003e main, origin/main) feat: 1.add task 2.add host\",\"ip\":[\"192.168.2.1\",\"192.168.10.58\",\"192.168.3.1\",\"20.20.1.8\",\"172.16.234.1\",\"172.16.202.1\"]},\"msg\":\"ok\"}'),(1166,1657008480,1657008480,0,30,1,'{\"code\":100000,\"req_id\":1544231606187724800,\"data\":{\"build_time\":\"2022-07-05 15:47:05\",\"git\":\"e3fa80061d08b08e7944864a93df3ca43a22f23c (HEAD -\\u003e main, origin/main) feat: 1.add task 2.add host\",\"ip\":[\"192.168.2.1\",\"192.168.10.58\",\"192.168.3.1\",\"20.20.1.8\",\"172.16.234.1\",\"172.16.202.1\"]},\"msg\":\"ok\"}'),(1167,1657008540,1657008540,0,30,1,'{\"code\":100000,\"req_id\":1544231857816604672,\"data\":{\"build_time\":\"2022-07-05 15:47:05\",\"git\":\"e3fa80061d08b08e7944864a93df3ca43a22f23c (HEAD -\\u003e main, origin/main) feat: 1.add task 2.add host\",\"ip\":[\"192.168.2.1\",\"192.168.10.58\",\"192.168.3.1\",\"20.20.1.8\",\"172.16.234.1\",\"172.16.202.1\"]},\"msg\":\"ok\"}'),(1168,1657008600,1657008600,0,30,1,'{\"code\":100000,\"req_id\":1544232109399347200,\"data\":{\"build_time\":\"2022-07-05 15:47:05\",\"git\":\"e3fa80061d08b08e7944864a93df3ca43a22f23c (HEAD -\\u003e main, origin/main) feat: 1.add task 2.add host\",\"ip\":[\"192.168.2.1\",\"192.168.10.58\",\"192.168.3.1\",\"20.20.1.8\",\"172.16.234.1\",\"172.16.202.1\"]},\"msg\":\"ok\"}'),(1169,1657008660,1657008660,0,30,1,'{\"code\":100000,\"req_id\":1544232361057587200,\"data\":{\"build_time\":\"2022-07-05 15:47:05\",\"git\":\"e3fa80061d08b08e7944864a93df3ca43a22f23c (HEAD -\\u003e main, origin/main) feat: 1.add task 2.add host\",\"ip\":[\"192.168.2.1\",\"192.168.10.58\",\"192.168.3.1\",\"20.20.1.8\",\"172.16.234.1\",\"172.16.202.1\"]},\"msg\":\"ok\"}'),(1170,1657008720,1657008720,0,30,1,'{\"code\":100000,\"req_id\":1544232612887793664,\"data\":{\"build_time\":\"2022-07-05 15:47:05\",\"git\":\"e3fa80061d08b08e7944864a93df3ca43a22f23c (HEAD -\\u003e main, origin/main) feat: 1.add task 2.add host\",\"ip\":[\"192.168.2.1\",\"192.168.10.58\",\"192.168.3.1\",\"20.20.1.8\",\"172.16.234.1\",\"172.16.202.1\"]},\"msg\":\"ok\"}'),(1171,1657008780,1657008780,0,30,1,'{\"code\":100000,\"req_id\":1544232864575393792,\"data\":{\"build_time\":\"2022-07-05 15:47:05\",\"git\":\"e3fa80061d08b08e7944864a93df3ca43a22f23c (HEAD -\\u003e main, origin/main) feat: 1.add task 2.add host\",\"ip\":[\"192.168.2.1\",\"192.168.10.58\",\"192.168.3.1\",\"20.20.1.8\",\"172.16.234.1\",\"172.16.202.1\"]},\"msg\":\"ok\"}'),(1172,1657008840,1657008840,0,30,1,'{\"code\":100000,\"req_id\":1544233116141359104,\"data\":{\"build_time\":\"2022-07-05 15:47:05\",\"git\":\"e3fa80061d08b08e7944864a93df3ca43a22f23c (HEAD -\\u003e main, origin/main) feat: 1.add task 2.add host\",\"ip\":[\"192.168.2.1\",\"192.168.10.58\",\"192.168.3.1\",\"20.20.1.8\",\"172.16.234.1\",\"172.16.202.1\"]},\"msg\":\"ok\"}'),(1173,1657008900,1657008900,0,30,1,'{\"code\":100000,\"req_id\":1544233367883485184,\"data\":{\"build_time\":\"2022-07-05 15:47:05\",\"git\":\"e3fa80061d08b08e7944864a93df3ca43a22f23c (HEAD -\\u003e main, origin/main) feat: 1.add task 2.add host\",\"ip\":[\"192.168.2.1\",\"192.168.10.58\",\"192.168.3.1\",\"20.20.1.8\",\"172.16.234.1\",\"172.16.202.1\"]},\"msg\":\"ok\"}'),(1174,1657008960,1657008960,0,30,1,'{\"code\":100000,\"req_id\":1544233619529142272,\"data\":{\"build_time\":\"2022-07-05 15:47:05\",\"git\":\"e3fa80061d08b08e7944864a93df3ca43a22f23c (HEAD -\\u003e main, origin/main) feat: 1.add task 2.add host\",\"ip\":[\"192.168.2.1\",\"192.168.10.58\",\"192.168.3.1\",\"20.20.1.8\",\"172.16.234.1\",\"172.16.202.1\"]},\"msg\":\"ok\"}'),(1175,1657009020,1657009020,0,30,1,'{\"code\":100000,\"req_id\":1544233871204159488,\"data\":{\"build_time\":\"2022-07-05 16:16:44\",\"git\":\"e3fa80061d08b08e7944864a93df3ca43a22f23c (HEAD -\\u003e main, origin/main) feat: 1.add task 2.add host\",\"ip\":[\"192.168.2.1\",\"192.168.10.58\",\"192.168.3.1\",\"20.20.1.8\",\"172.16.234.1\",\"172.16.202.1\"]},\"msg\":\"ok\"}'),(1176,1657009080,1657009080,0,30,1,'{\"code\":100000,\"req_id\":1544234122791096320,\"data\":{\"build_time\":\"2022-07-05 16:16:44\",\"git\":\"e3fa80061d08b08e7944864a93df3ca43a22f23c (HEAD -\\u003e main, origin/main) feat: 1.add task 2.add host\",\"ip\":[\"192.168.2.1\",\"192.168.10.58\",\"192.168.3.1\",\"20.20.1.8\",\"172.16.234.1\",\"172.16.202.1\"]},\"msg\":\"ok\"}'),(1177,1657009140,1657009140,0,30,1,'{\"code\":100000,\"req_id\":1544234374453530624,\"data\":{\"build_time\":\"2022-07-05 16:16:44\",\"git\":\"e3fa80061d08b08e7944864a93df3ca43a22f23c (HEAD -\\u003e main, origin/main) feat: 1.add task 2.add host\",\"ip\":[\"192.168.2.1\",\"192.168.10.58\",\"192.168.3.1\",\"20.20.1.8\",\"172.16.234.1\",\"172.16.202.1\"]},\"msg\":\"ok\"}'),(1178,1657011180,1657011180,0,30,1,'{\"code\":100000,\"req_id\":1544242930829496320,\"data\":{\"build_time\":\"2022-07-05 16:52:53\",\"git\":\"e3fa80061d08b08e7944864a93df3ca43a22f23c (HEAD -\\u003e main, origin/main) feat: 1.add task 2.add host\",\"ip\":[\"192.168.2.1\",\"192.168.10.58\",\"192.168.3.1\",\"20.20.1.8\",\"172.16.234.1\",\"172.16.202.1\"]},\"msg\":\"ok\"}'),(1179,1657011240,1657011240,0,30,1,'{\"code\":100000,\"req_id\":1544243182500319232,\"data\":{\"build_time\":\"2022-07-05 16:52:53\",\"git\":\"e3fa80061d08b08e7944864a93df3ca43a22f23c (HEAD -\\u003e main, origin/main) feat: 1.add task 2.add host\",\"ip\":[\"192.168.2.1\",\"192.168.10.58\",\"192.168.3.1\",\"20.20.1.8\",\"172.16.234.1\",\"172.16.202.1\"]},\"msg\":\"ok\"}'),(1180,1657011300,1657011300,0,30,1,'{\"code\":100000,\"req_id\":1544243434112421888,\"data\":{\"build_time\":\"2022-07-05 16:52:53\",\"git\":\"e3fa80061d08b08e7944864a93df3ca43a22f23c (HEAD -\\u003e main, origin/main) feat: 1.add task 2.add host\",\"ip\":[\"192.168.2.1\",\"192.168.10.58\",\"192.168.3.1\",\"20.20.1.8\",\"172.16.234.1\",\"172.16.202.1\"]},\"msg\":\"ok\"}'),(1181,1657011360,1657011360,0,30,1,'{\"code\":100000,\"req_id\":1544243685791633408,\"data\":{\"build_time\":\"2022-07-05 16:52:53\",\"git\":\"e3fa80061d08b08e7944864a93df3ca43a22f23c (HEAD -\\u003e main, origin/main) feat: 1.add task 2.add host\",\"ip\":[\"192.168.2.1\",\"192.168.10.58\",\"192.168.3.1\",\"20.20.1.8\",\"172.16.234.1\",\"172.16.202.1\"]},\"msg\":\"ok\"}'),(1182,1657011420,1657011420,0,30,1,'{\"code\":100000,\"req_id\":1544243937458262016,\"data\":{\"build_time\":\"2022-07-05 16:52:53\",\"git\":\"e3fa80061d08b08e7944864a93df3ca43a22f23c (HEAD -\\u003e main, origin/main) feat: 1.add task 2.add host\",\"ip\":[\"192.168.2.1\",\"192.168.10.58\",\"192.168.3.1\",\"20.20.1.8\",\"172.16.234.1\",\"172.16.202.1\"]},\"msg\":\"ok\"}'),(1183,1657011480,1657011480,0,30,1,'{\"code\":100000,\"req_id\":1544244189208776704,\"data\":{\"build_time\":\"2022-07-05 16:57:32\",\"git\":\"e3fa80061d08b08e7944864a93df3ca43a22f23c (HEAD -\\u003e main, origin/main) feat: 1.add task 2.add host\",\"ip\":[\"192.168.2.1\",\"192.168.10.58\",\"192.168.3.1\",\"20.20.1.8\",\"172.16.234.1\",\"172.16.202.1\"]},\"msg\":\"ok\"}'),(1184,1657011540,1657011540,0,30,1,'{\"code\":100000,\"req_id\":1544244440799907840,\"data\":{\"build_time\":\"2022-07-05 16:57:32\",\"git\":\"e3fa80061d08b08e7944864a93df3ca43a22f23c (HEAD -\\u003e main, origin/main) feat: 1.add task 2.add host\",\"ip\":[\"192.168.2.1\",\"192.168.10.58\",\"192.168.3.1\",\"20.20.1.8\",\"172.16.234.1\",\"172.16.202.1\"]},\"msg\":\"ok\"}'),(1185,1657011600,1657011600,0,30,1,'{\"code\":100000,\"req_id\":1544244692449759232,\"data\":{\"build_time\":\"2022-07-05 16:57:32\",\"git\":\"e3fa80061d08b08e7944864a93df3ca43a22f23c (HEAD -\\u003e main, origin/main) feat: 1.add task 2.add host\",\"ip\":[\"192.168.2.1\",\"192.168.10.58\",\"192.168.3.1\",\"20.20.1.8\",\"172.16.234.1\",\"172.16.202.1\"]},\"msg\":\"ok\"}'),(1186,1657011660,1657011660,0,30,1,'{\"code\":100000,\"req_id\":1544244944082833408,\"data\":{\"build_time\":\"2022-07-05 16:57:32\",\"git\":\"e3fa80061d08b08e7944864a93df3ca43a22f23c (HEAD -\\u003e main, origin/main) feat: 1.add task 2.add host\",\"ip\":[\"192.168.2.1\",\"192.168.10.58\",\"192.168.3.1\",\"20.20.1.8\",\"172.16.234.1\",\"172.16.202.1\"]},\"msg\":\"ok\"}'),(1187,1657011720,1657011720,0,30,1,'{\"code\":100000,\"req_id\":1544245195728490496,\"data\":{\"build_time\":\"2022-07-05 16:57:32\",\"git\":\"e3fa80061d08b08e7944864a93df3ca43a22f23c (HEAD -\\u003e main, origin/main) feat: 1.add task 2.add host\",\"ip\":[\"192.168.2.1\",\"192.168.10.58\",\"192.168.3.1\",\"20.20.1.8\",\"172.16.234.1\",\"172.16.202.1\"]},\"msg\":\"ok\"}'),(1188,1657011780,1657011780,0,30,1,'{\"code\":100000,\"req_id\":1544245447512559616,\"data\":{\"build_time\":\"2022-07-05 17:02:07\",\"git\":\"e3fa80061d08b08e7944864a93df3ca43a22f23c (HEAD -\\u003e main, origin/main) feat: 1.add task 2.add host\",\"ip\":[\"192.168.2.1\",\"192.168.10.58\",\"192.168.3.1\",\"20.20.1.8\",\"172.16.234.1\",\"172.16.202.1\"]},\"msg\":\"ok\"}'),(1189,1657011840,1657011840,0,30,1,'{\"code\":100000,\"req_id\":1544245699128856576,\"data\":{\"build_time\":\"2022-07-05 17:02:07\",\"git\":\"e3fa80061d08b08e7944864a93df3ca43a22f23c (HEAD -\\u003e main, origin/main) feat: 1.add task 2.add host\",\"ip\":[\"192.168.2.1\",\"192.168.10.58\",\"192.168.3.1\",\"20.20.1.8\",\"172.16.234.1\",\"172.16.202.1\"]},\"msg\":\"ok\"}'),(1190,1657011900,1657011900,0,30,1,'{\"code\":100000,\"req_id\":1544245950766125056,\"data\":{\"build_time\":\"2022-07-05 17:02:07\",\"git\":\"e3fa80061d08b08e7944864a93df3ca43a22f23c (HEAD -\\u003e main, origin/main) feat: 1.add task 2.add host\",\"ip\":[\"192.168.2.1\",\"192.168.10.58\",\"192.168.3.1\",\"20.20.1.8\",\"172.16.234.1\",\"172.16.202.1\"]},\"msg\":\"ok\"}'),(1191,1657011960,1657011960,0,30,1,'{\"code\":100000,\"req_id\":1544246202382422016,\"data\":{\"build_time\":\"2022-07-05 17:02:07\",\"git\":\"e3fa80061d08b08e7944864a93df3ca43a22f23c (HEAD -\\u003e main, origin/main) feat: 1.add task 2.add host\",\"ip\":[\"192.168.2.1\",\"192.168.10.58\",\"192.168.3.1\",\"20.20.1.8\",\"172.16.234.1\",\"172.16.202.1\"]},\"msg\":\"ok\"}'),(1192,1657012020,1657012020,0,30,1,'{\"code\":100000,\"req_id\":1544246454028079104,\"data\":{\"build_time\":\"2022-07-05 17:02:07\",\"git\":\"e3fa80061d08b08e7944864a93df3ca43a22f23c (HEAD -\\u003e main, origin/main) feat: 1.add task 2.add host\",\"ip\":[\"192.168.2.1\",\"192.168.10.58\",\"192.168.3.1\",\"20.20.1.8\",\"172.16.234.1\",\"172.16.202.1\"]},\"msg\":\"ok\"}'),(1193,1657012080,1657012080,0,30,1,'{\"code\":100000,\"req_id\":1544246705703096320,\"data\":{\"build_time\":\"2022-07-05 17:02:07\",\"git\":\"e3fa80061d08b08e7944864a93df3ca43a22f23c (HEAD -\\u003e main, origin/main) feat: 1.add task 2.add host\",\"ip\":[\"192.168.2.1\",\"192.168.10.58\",\"192.168.3.1\",\"20.20.1.8\",\"172.16.234.1\",\"172.16.202.1\"]},\"msg\":\"ok\"}'),(1194,1657012140,1657012140,0,30,1,'{\"code\":100000,\"req_id\":1544246957269061632,\"data\":{\"build_time\":\"2022-07-05 17:02:07\",\"git\":\"e3fa80061d08b08e7944864a93df3ca43a22f23c (HEAD -\\u003e main, origin/main) feat: 1.add task 2.add host\",\"ip\":[\"192.168.2.1\",\"192.168.10.58\",\"192.168.3.1\",\"20.20.1.8\",\"172.16.234.1\",\"172.16.202.1\"]},\"msg\":\"ok\"}'),(1195,1657012200,1657012200,0,30,1,'{\"code\":100000,\"req_id\":1544247208998604800,\"data\":{\"build_time\":\"2022-07-05 17:02:07\",\"git\":\"e3fa80061d08b08e7944864a93df3ca43a22f23c (HEAD -\\u003e main, origin/main) feat: 1.add task 2.add host\",\"ip\":[\"192.168.2.1\",\"192.168.10.58\",\"192.168.3.1\",\"20.20.1.8\",\"172.16.234.1\",\"172.16.202.1\"]},\"msg\":\"ok\"}'),(1196,1657012260,1657012260,0,30,1,'{\"code\":100000,\"req_id\":1544247460690399232,\"data\":{\"build_time\":\"2022-07-05 17:10:24\",\"git\":\"e3fa80061d08b08e7944864a93df3ca43a22f23c (HEAD -\\u003e main, origin/main) feat: 1.add task 2.add host\",\"ip\":[\"192.168.2.1\",\"192.168.10.58\",\"192.168.3.1\",\"20.20.1.8\",\"172.16.234.1\",\"172.16.202.1\"]},\"msg\":\"ok\"}'),(1197,1657012320,1657012320,0,30,1,'{\"code\":100000,\"req_id\":1544247712382193664,\"data\":{\"build_time\":\"2022-07-05 17:10:24\",\"git\":\"e3fa80061d08b08e7944864a93df3ca43a22f23c (HEAD -\\u003e main, origin/main) feat: 1.add task 2.add host\",\"ip\":[\"192.168.2.1\",\"192.168.10.58\",\"192.168.3.1\",\"20.20.1.8\",\"172.16.234.1\",\"172.16.202.1\"]},\"msg\":\"ok\"}'),(1198,1657012380,1657012380,0,30,1,'{\"code\":100000,\"req_id\":1544247964036239360,\"data\":{\"build_time\":\"2022-07-05 17:10:24\",\"git\":\"e3fa80061d08b08e7944864a93df3ca43a22f23c (HEAD -\\u003e main, origin/main) feat: 1.add task 2.add host\",\"ip\":[\"192.168.2.1\",\"192.168.10.58\",\"192.168.3.1\",\"20.20.1.8\",\"172.16.234.1\",\"172.16.202.1\"]},\"msg\":\"ok\"}'),(1199,1657012440,1657012440,0,30,1,'{\"code\":100000,\"req_id\":1544248215652536320,\"data\":{\"build_time\":\"2022-07-05 17:10:24\",\"git\":\"e3fa80061d08b08e7944864a93df3ca43a22f23c (HEAD -\\u003e main, origin/main) feat: 1.add task 2.add host\",\"ip\":[\"192.168.2.1\",\"192.168.10.58\",\"192.168.3.1\",\"20.20.1.8\",\"172.16.234.1\",\"172.16.202.1\"]},\"msg\":\"ok\"}'),(1200,1657012500,1657012500,0,30,1,'{\"code\":100000,\"req_id\":1544248467314970624,\"data\":{\"build_time\":\"2022-07-05 17:10:24\",\"git\":\"e3fa80061d08b08e7944864a93df3ca43a22f23c (HEAD -\\u003e main, origin/main) feat: 1.add task 2.add host\",\"ip\":[\"192.168.2.1\",\"192.168.10.58\",\"192.168.3.1\",\"20.20.1.8\",\"172.16.234.1\",\"172.16.202.1\"]},\"msg\":\"ok\"}'),(1201,1657012560,1657012560,0,30,1,'{\"code\":100000,\"req_id\":1544248719006765056,\"data\":{\"build_time\":\"2022-07-05 17:10:24\",\"git\":\"e3fa80061d08b08e7944864a93df3ca43a22f23c (HEAD -\\u003e main, origin/main) feat: 1.add task 2.add host\",\"ip\":[\"192.168.2.1\",\"192.168.10.58\",\"192.168.3.1\",\"20.20.1.8\",\"172.16.234.1\",\"172.16.202.1\"]},\"msg\":\"ok\"}'),(1202,1657012620,1657012620,0,30,1,'{\"code\":100000,\"req_id\":1544248970790834176,\"data\":{\"build_time\":\"2022-07-05 17:10:24\",\"git\":\"e3fa80061d08b08e7944864a93df3ca43a22f23c (HEAD -\\u003e main, origin/main) feat: 1.add task 2.add host\",\"ip\":[\"192.168.2.1\",\"192.168.10.58\",\"192.168.3.1\",\"20.20.1.8\",\"172.16.234.1\",\"172.16.202.1\"]},\"msg\":\"ok\"}'),(1203,1657012680,1657012680,0,30,1,'{\"code\":100000,\"req_id\":1544249222256136192,\"data\":{\"build_time\":\"2022-07-05 17:10:24\",\"git\":\"e3fa80061d08b08e7944864a93df3ca43a22f23c (HEAD -\\u003e main, origin/main) feat: 1.add task 2.add host\",\"ip\":[\"192.168.2.1\",\"192.168.10.58\",\"192.168.3.1\",\"20.20.1.8\",\"172.16.234.1\",\"172.16.202.1\"]},\"msg\":\"ok\"}'),(1204,1657012740,1657012740,0,30,1,'{\"code\":100000,\"req_id\":1544249473914376192,\"data\":{\"build_time\":\"2022-07-05 17:10:24\",\"git\":\"e3fa80061d08b08e7944864a93df3ca43a22f23c (HEAD -\\u003e main, origin/main) feat: 1.add task 2.add host\",\"ip\":[\"192.168.2.1\",\"192.168.10.58\",\"192.168.3.1\",\"20.20.1.8\",\"172.16.234.1\",\"172.16.202.1\"]},\"msg\":\"ok\"}'),(1205,1657012800,1657012800,0,30,1,'{\"code\":100000,\"req_id\":1544249725572616192,\"data\":{\"build_time\":\"2022-07-05 17:10:24\",\"git\":\"e3fa80061d08b08e7944864a93df3ca43a22f23c (HEAD -\\u003e main, origin/main) feat: 1.add task 2.add host\",\"ip\":[\"192.168.2.1\",\"192.168.10.58\",\"192.168.3.1\",\"20.20.1.8\",\"172.16.234.1\",\"172.16.202.1\"]},\"msg\":\"ok\"}'),(1206,1657012860,1657012860,0,30,1,'{\"code\":100000,\"req_id\":1544249977230856192,\"data\":{\"build_time\":\"2022-07-05 17:10:24\",\"git\":\"e3fa80061d08b08e7944864a93df3ca43a22f23c (HEAD -\\u003e main, origin/main) feat: 1.add task 2.add host\",\"ip\":[\"192.168.2.1\",\"192.168.10.58\",\"192.168.3.1\",\"20.20.1.8\",\"172.16.234.1\",\"172.16.202.1\"]},\"msg\":\"ok\"}'),(1207,1657012920,1657012920,0,30,1,'{\"code\":100000,\"req_id\":1544250229551796224,\"data\":{\"build_time\":\"2022-07-05 17:10:24\",\"git\":\"e3fa80061d08b08e7944864a93df3ca43a22f23c (HEAD -\\u003e main, origin/main) feat: 1.add task 2.add host\",\"ip\":[\"192.168.2.1\",\"192.168.10.58\",\"192.168.3.1\",\"20.20.1.8\",\"172.16.234.1\",\"172.16.202.1\"]},\"msg\":\"ok\"}'),(1208,1657012980,1657012980,0,30,1,'{\"code\":100000,\"req_id\":1544250481063235584,\"data\":{\"build_time\":\"2022-07-05 17:10:24\",\"git\":\"e3fa80061d08b08e7944864a93df3ca43a22f23c (HEAD -\\u003e main, origin/main) feat: 1.add task 2.add host\",\"ip\":[\"192.168.2.1\",\"192.168.10.58\",\"192.168.3.1\",\"20.20.1.8\",\"172.16.234.1\",\"172.16.202.1\"]},\"msg\":\"ok\"}'),(1209,1657013040,1657013040,0,30,1,'{\"code\":100000,\"req_id\":1544250732692115456,\"data\":{\"build_time\":\"2022-07-05 17:10:24\",\"git\":\"e3fa80061d08b08e7944864a93df3ca43a22f23c (HEAD -\\u003e main, origin/main) feat: 1.add task 2.add host\",\"ip\":[\"192.168.2.1\",\"192.168.10.58\",\"192.168.3.1\",\"20.20.1.8\",\"172.16.234.1\",\"172.16.202.1\"]},\"msg\":\"ok\"}'),(1210,1657013100,1657013100,0,30,1,'{\"code\":100000,\"req_id\":1544250984375521280,\"data\":{\"build_time\":\"2022-07-05 17:10:24\",\"git\":\"e3fa80061d08b08e7944864a93df3ca43a22f23c (HEAD -\\u003e main, origin/main) feat: 1.add task 2.add host\",\"ip\":[\"192.168.2.1\",\"192.168.10.58\",\"192.168.3.1\",\"20.20.1.8\",\"172.16.234.1\",\"172.16.202.1\"]},\"msg\":\"ok\"}'),(1211,1657013160,1657013160,0,30,1,'{\"code\":100000,\"req_id\":1544251235677245440,\"data\":{\"build_time\":\"2022-07-05 17:25:01\",\"git\":\"e3fa80061d08b08e7944864a93df3ca43a22f23c (HEAD -\\u003e main, origin/main) feat: 1.add task 2.add host\",\"ip\":[\"192.168.2.1\",\"192.168.10.58\",\"192.168.3.1\",\"20.20.1.8\",\"172.16.234.1\",\"172.16.202.1\"]},\"msg\":\"ok\"}');
/*!40000 ALTER TABLE `shard_task_log` ENABLE KEYS */;
UNLOCK TABLES;

--
-- Table structure for table `shard_user`
--

DROP TABLE IF EXISTS `shard_user`;
/*!40101 SET @saved_cs_client     = @@character_set_client */;
/*!50503 SET character_set_client = utf8mb4 */;
CREATE TABLE `shard_user` (
  `id` bigint NOT NULL AUTO_INCREMENT,
  `created_time` bigint DEFAULT NULL,
  `updated_time` bigint DEFAULT NULL,
  `is_deleted` tinyint(1) DEFAULT '0',
  `mobile` longtext,
  `nick_name` longtext,
  `password` varchar(255) DEFAULT NULL,
  `email` longtext,
  `avatar` varchar(255) DEFAULT NULL,
  `user_name` longtext,
  `username` varchar(20) DEFAULT NULL,
  `last_login_time` bigint DEFAULT NULL,
  PRIMARY KEY (`id`)
) ENGINE=InnoDB AUTO_INCREMENT=4 DEFAULT CHARSET=utf8mb4 COLLATE=utf8mb4_0900_ai_ci;
/*!40101 SET character_set_client = @saved_cs_client */;

--
-- Dumping data for table `shard_user`
--

LOCK TABLES `shard_user` WRITE;
/*!40000 ALTER TABLE `shard_user` DISABLE KEYS */;
INSERT INTO `shard_user` VALUES (1,1630727921,1646894793,0,NULL,NULL,'$2a$10$xIprWgvyopi7ecBBHHDqn..S51rAvg7UmVAa5eGxUy56qsNesWkWS',NULL,'','admin','user1',0),(3,1631692728,1655435579,0,NULL,NULL,'$2a$10$.yHrroHRIPJDDQ.4OeA8.uKmaoVO9f9B92gyh5NOMws90w/dCOJG.',NULL,'',NULL,'123456',0);
/*!40000 ALTER TABLE `shard_user` ENABLE KEYS */;
UNLOCK TABLES;

--
-- Table structure for table `shard_wallet`
--

DROP TABLE IF EXISTS `shard_wallet`;
/*!40101 SET @saved_cs_client     = @@character_set_client */;
/*!50503 SET character_set_client = utf8mb4 */;
CREATE TABLE `shard_wallet` (
  `id` bigint NOT NULL AUTO_INCREMENT,
  `created_time` bigint DEFAULT NULL,
  `updated_time` bigint DEFAULT NULL,
  `is_deleted` tinyint(1) DEFAULT '0',
  `uid` bigint DEFAULT NULL,
  `balance` bigint DEFAULT NULL,
  PRIMARY KEY (`id`),
  KEY `idx_shard_wallet_uid` (`uid`),
  CONSTRAINT `fk_shard_user_wallet` FOREIGN KEY (`uid`) REFERENCES `shard_user` (`id`) ON DELETE SET NULL ON UPDATE CASCADE
) ENGINE=InnoDB AUTO_INCREMENT=4 DEFAULT CHARSET=utf8mb4 COLLATE=utf8mb4_0900_ai_ci;
/*!40101 SET character_set_client = @saved_cs_client */;

--
-- Dumping data for table `shard_wallet`
--

LOCK TABLES `shard_wallet` WRITE;
/*!40000 ALTER TABLE `shard_wallet` DISABLE KEYS */;
INSERT INTO `shard_wallet` VALUES (1,1630727933,1654952854,0,1,501),(3,1631954956,1655435536,0,3,100);
/*!40000 ALTER TABLE `shard_wallet` ENABLE KEYS */;
UNLOCK TABLES;

--
-- Table structure for table `shard_wallet_record`
--

DROP TABLE IF EXISTS `shard_wallet_record`;
/*!40101 SET @saved_cs_client     = @@character_set_client */;
/*!50503 SET character_set_client = utf8mb4 */;
CREATE TABLE `shard_wallet_record` (
  `id` bigint NOT NULL AUTO_INCREMENT,
  `created_time` bigint DEFAULT NULL,
  `updated_time` bigint DEFAULT NULL,
  `is_deleted` tinyint(1) DEFAULT '0',
  `wallet_id` bigint DEFAULT NULL,
  `amount` bigint DEFAULT NULL,
  `record_type` bigint DEFAULT NULL,
  PRIMARY KEY (`id`),
  KEY `idx_shard_wallet_record_wallet_id` (`wallet_id`)
) ENGINE=InnoDB AUTO_INCREMENT=17 DEFAULT CHARSET=utf8mb4 COLLATE=utf8mb4_0900_ai_ci;
/*!40101 SET character_set_client = @saved_cs_client */;

--
-- Dumping data for table `shard_wallet_record`
--

LOCK TABLES `shard_wallet_record` WRITE;
/*!40000 ALTER TABLE `shard_wallet_record` DISABLE KEYS */;
INSERT INTO `shard_wallet_record` VALUES (1,1631954922,1631954922,0,0,1,NULL),(2,1631954945,1631954945,0,0,300,NULL),(3,1631954956,1631954956,0,3,100,NULL),(4,1631955131,1631955131,0,0,-300,NULL),(5,1631955258,1631955258,0,0,100,NULL),(6,1631955452,1631955452,0,0,100,NULL),(7,1631955456,1631955456,0,0,100,NULL),(8,1631955479,1631955479,0,0,100,NULL),(9,1632201698,1632201698,0,0,100,NULL),(10,1632201702,1632201702,0,0,300,NULL),(11,1648792695,1648792695,0,0,100,1),(12,1654952851,1654952851,0,0,200,1),(13,1654952854,1654952854,0,0,-300,-1),(14,1655435523,1655435523,0,0,100,1),(15,1655435532,1655435532,0,0,-500,-1),(16,1655435536,1655435536,0,0,100,1);
/*!40000 ALTER TABLE `shard_wallet_record` ENABLE KEYS */;
UNLOCK TABLES;
/*!40103 SET TIME_ZONE=@OLD_TIME_ZONE */;

/*!40101 SET SQL_MODE=@OLD_SQL_MODE */;
/*!40014 SET FOREIGN_KEY_CHECKS=@OLD_FOREIGN_KEY_CHECKS */;
/*!40014 SET UNIQUE_CHECKS=@OLD_UNIQUE_CHECKS */;
/*!40101 SET CHARACTER_SET_CLIENT=@OLD_CHARACTER_SET_CLIENT */;
/*!40101 SET CHARACTER_SET_RESULTS=@OLD_CHARACTER_SET_RESULTS */;
/*!40101 SET COLLATION_CONNECTION=@OLD_COLLATION_CONNECTION */;
/*!40111 SET SQL_NOTES=@OLD_SQL_NOTES */;

-- Dump completed on 2023-12-22 17:44:23
